"","mobility","selfcare","activity","pain","anxiety","thai_utility","indo_utility"
"1",1,1,1,1,1,1,1
"2",1,1,1,1,2,0.814,0.921
"3",1,1,1,1,3,0.766,0.866
"4",1,1,1,1,4,0.66,0.773
"5",1,1,1,1,5,0.549,0.695
"6",1,1,1,2,1,0.78,0.914
"7",1,1,1,2,2,0.723,0.835
"8",1,1,1,2,3,0.708,0.78
"9",1,1,1,2,4,0.602,0.687
"10",1,1,1,2,5,0.491,0.609
"11",1,1,1,3,1,0.726,0.905
"12",1,1,1,3,2,0.701,0.826
"13",1,1,1,3,3,0.694,0.771
"14",1,1,1,3,4,0.588,0.678
"15",1,1,1,3,5,0.477,0.6
"16",1,1,1,4,1,0.616,0.802
"17",1,1,1,4,2,0.59,0.723
"18",1,1,1,4,3,0.584,0.668
"19",1,1,1,4,4,0.505,0.575
"20",1,1,1,4,5,0.422,0.497
"21",1,1,1,5,1,0.45,0.754
"22",1,1,1,5,2,0.425,0.675
"23",1,1,1,5,3,0.418,0.62
"24",1,1,1,5,4,0.38,0.527
"25",1,1,1,5,5,0.34,0.449
"26",1,1,2,1,1,0.791,0.91
"27",1,1,2,1,2,0.734,0.831
"28",1,1,2,1,3,0.719,0.776
"29",1,1,2,1,4,0.612,0.683
"30",1,1,2,1,5,0.502,0.605
"31",1,1,2,2,1,0.701,0.824
"32",1,1,2,2,2,0.669,0.745
"33",1,1,2,2,3,0.661,0.69
"34",1,1,2,2,4,0.555,0.597
"35",1,1,2,2,5,0.444,0.519
"36",1,1,2,3,1,0.679,0.815
"37",1,1,2,3,2,0.653,0.736
"38",1,1,2,3,3,0.647,0.681
"39",1,1,2,3,4,0.54,0.588
"40",1,1,2,3,5,0.43,0.51
"41",1,1,2,4,1,0.568,0.712
"42",1,1,2,4,2,0.543,0.633
"43",1,1,2,4,3,0.536,0.578
"44",1,1,2,4,4,0.457,0.485
"45",1,1,2,4,5,0.375,0.407
"46",1,1,2,5,1,0.403,0.664
"47",1,1,2,5,2,0.377,0.585
"48",1,1,2,5,3,0.371,0.53
"49",1,1,2,5,4,0.332,0.437
"50",1,1,2,5,5,0.293,0.359
"51",1,1,3,1,1,0.739,0.844
"52",1,1,3,1,2,0.714,0.765
"53",1,1,3,1,3,0.707,0.71
"54",1,1,3,1,4,0.601,0.617
"55",1,1,3,1,5,0.49,0.539
"56",1,1,3,2,1,0.681,0.758
"57",1,1,3,2,2,0.656,0.679
"58",1,1,3,2,3,0.649,0.624
"59",1,1,3,2,4,0.543,0.531
"60",1,1,3,2,5,0.432,0.453
"61",1,1,3,3,1,0.667,0.749
"62",1,1,3,3,2,0.642,0.67
"63",1,1,3,3,3,0.635,0.615
"64",1,1,3,3,4,0.529,0.522
"65",1,1,3,3,5,0.418,0.444
"66",1,1,3,4,1,0.557,0.646
"67",1,1,3,4,2,0.531,0.567
"68",1,1,3,4,3,0.525,0.512
"69",1,1,3,4,4,0.446,0.419
"70",1,1,3,4,5,0.363,0.341
"71",1,1,3,5,1,0.391,0.598
"72",1,1,3,5,2,0.366,0.519
"73",1,1,3,5,3,0.359,0.464
"74",1,1,3,5,4,0.321,0.371
"75",1,1,3,5,5,0.281,0.293
"76",1,1,4,1,1,0.674,0.699
"77",1,1,4,1,2,0.649,0.62
"78",1,1,4,1,3,0.642,0.565
"79",1,1,4,1,4,0.558,0.472
"80",1,1,4,1,5,0.471,0.394
"81",1,1,4,2,1,0.616,0.613
"82",1,1,4,2,2,0.591,0.534
"83",1,1,4,2,3,0.584,0.479
"84",1,1,4,2,4,0.5,0.386
"85",1,1,4,2,5,0.413,0.308
"86",1,1,4,3,1,0.602,0.604
"87",1,1,4,3,2,0.577,0.525
"88",1,1,4,3,3,0.57,0.47
"89",1,1,4,3,4,0.486,0.377
"90",1,1,4,3,5,0.399,0.299
"91",1,1,4,4,1,0.51,0.501
"92",1,1,4,4,2,0.485,0.422
"93",1,1,4,4,3,0.478,0.367
"94",1,1,4,4,4,0.412,0.274
"95",1,1,4,4,5,0.344,0.196
"96",1,1,4,5,1,0.372,0.453
"97",1,1,4,5,2,0.346,0.374
"98",1,1,4,5,3,0.34,0.319
"99",1,1,4,5,4,0.301,0.226
"100",1,1,4,5,5,0.262,0.148
"101",1,1,5,1,1,0.541,0.615
"102",1,1,5,1,2,0.516,0.536
"103",1,1,5,1,3,0.509,0.481
"104",1,1,5,1,4,0.471,0.388
"105",1,1,5,1,5,0.431,0.31
"106",1,1,5,2,1,0.483,0.529
"107",1,1,5,2,2,0.458,0.45
"108",1,1,5,2,3,0.451,0.395
"109",1,1,5,2,4,0.413,0.302
"110",1,1,5,2,5,0.373,0.224
"111",1,1,5,3,1,0.469,0.52
"112",1,1,5,3,2,0.444,0.441
"113",1,1,5,3,3,0.437,0.386
"114",1,1,5,3,4,0.399,0.293
"115",1,1,5,3,5,0.359,0.215
"116",1,1,5,4,1,0.414,0.417
"117",1,1,5,4,2,0.389,0.338
"118",1,1,5,4,3,0.382,0.283
"119",1,1,5,4,4,0.344,0.19
"120",1,1,5,4,5,0.304,0.112
"121",1,1,5,5,1,0.332,0.369
"122",1,1,5,5,2,0.307,0.29
"123",1,1,5,5,3,0.3,0.235
"124",1,1,5,5,4,0.262,0.142
"125",1,1,5,5,5,0.222,0.064
"126",1,2,1,1,1,0.731,0.899
"127",1,2,1,1,2,0.679,0.82
"128",1,2,1,1,3,0.665,0.765
"129",1,2,1,1,4,0.559,0.672
"130",1,2,1,1,5,0.448,0.594
"131",1,2,1,2,1,0.646,0.813
"132",1,2,1,2,2,0.616,0.734
"133",1,2,1,2,3,0.608,0.679
"134",1,2,1,2,4,0.501,0.586
"135",1,2,1,2,5,0.391,0.508
"136",1,2,1,3,1,0.625,0.804
"137",1,2,1,3,2,0.6,0.725
"138",1,2,1,3,3,0.593,0.67
"139",1,2,1,3,4,0.487,0.577
"140",1,2,1,3,5,0.376,0.499
"141",1,2,1,4,1,0.515,0.701
"142",1,2,1,4,2,0.49,0.622
"143",1,2,1,4,3,0.483,0.567
"144",1,2,1,4,4,0.404,0.474
"145",1,2,1,4,5,0.322,0.396
"146",1,2,1,5,1,0.349,0.653
"147",1,2,1,5,2,0.324,0.574
"148",1,2,1,5,3,0.317,0.519
"149",1,2,1,5,4,0.279,0.426
"150",1,2,1,5,5,0.239,0.348
"151",1,2,2,1,1,0.657,0.809
"152",1,2,2,1,2,0.626,0.73
"153",1,2,2,1,3,0.618,0.675
"154",1,2,2,1,4,0.511,0.582
"155",1,2,2,1,5,0.401,0.504
"156",1,2,2,2,1,0.594,0.723
"157",1,2,2,2,2,0.567,0.644
"158",1,2,2,2,3,0.56,0.589
"159",1,2,2,2,4,0.454,0.496
"160",1,2,2,2,5,0.343,0.418
"161",1,2,2,3,1,0.578,0.714
"162",1,2,2,3,2,0.553,0.635
"163",1,2,2,3,3,0.546,0.58
"164",1,2,2,3,4,0.439,0.487
"165",1,2,2,3,5,0.329,0.409
"166",1,2,2,4,1,0.468,0.611
"167",1,2,2,4,2,0.442,0.532
"168",1,2,2,4,3,0.436,0.477
"169",1,2,2,4,4,0.356,0.384
"170",1,2,2,4,5,0.274,0.306
"171",1,2,2,5,1,0.302,0.563
"172",1,2,2,5,2,0.277,0.484
"173",1,2,2,5,3,0.27,0.429
"174",1,2,2,5,4,0.232,0.336
"175",1,2,2,5,5,0.192,0.258
"176",1,2,3,1,1,0.638,0.743
"177",1,2,3,1,2,0.613,0.664
"178",1,2,3,1,3,0.606,0.609
"179",1,2,3,1,4,0.5,0.516
"180",1,2,3,1,5,0.389,0.438
"181",1,2,3,2,1,0.581,0.657
"182",1,2,3,2,2,0.555,0.578
"183",1,2,3,2,3,0.549,0.523
"184",1,2,3,2,4,0.442,0.43
"185",1,2,3,2,5,0.332,0.352
"186",1,2,3,3,1,0.566,0.648
"187",1,2,3,3,2,0.541,0.569
"188",1,2,3,3,3,0.534,0.514
"189",1,2,3,3,4,0.428,0.421
"190",1,2,3,3,5,0.317,0.343
"191",1,2,3,4,1,0.456,0.545
"192",1,2,3,4,2,0.431,0.466
"193",1,2,3,4,3,0.424,0.411
"194",1,2,3,4,4,0.345,0.318
"195",1,2,3,4,5,0.263,0.24
"196",1,2,3,5,1,0.29,0.497
"197",1,2,3,5,2,0.265,0.418
"198",1,2,3,5,3,0.258,0.363
"199",1,2,3,5,4,0.22,0.27
"200",1,2,3,5,5,0.18,0.192
"201",1,2,4,1,1,0.573,0.598
"202",1,2,4,1,2,0.548,0.519
"203",1,2,4,1,3,0.541,0.464
"204",1,2,4,1,4,0.457,0.371
"205",1,2,4,1,5,0.37,0.293
"206",1,2,4,2,1,0.516,0.512
"207",1,2,4,2,2,0.49,0.433
"208",1,2,4,2,3,0.484,0.378
"209",1,2,4,2,4,0.399,0.285
"210",1,2,4,2,5,0.312,0.207
"211",1,2,4,3,1,0.501,0.503
"212",1,2,4,3,2,0.476,0.424
"213",1,2,4,3,3,0.469,0.369
"214",1,2,4,3,4,0.385,0.276
"215",1,2,4,3,5,0.298,0.198
"216",1,2,4,4,1,0.409,0.4
"217",1,2,4,4,2,0.384,0.321
"218",1,2,4,4,3,0.377,0.266
"219",1,2,4,4,4,0.311,0.173
"220",1,2,4,4,5,0.243,0.0950000000000001
"221",1,2,4,5,1,0.271,0.352
"222",1,2,4,5,2,0.245,0.273
"223",1,2,4,5,3,0.239,0.218
"224",1,2,4,5,4,0.201,0.125
"225",1,2,4,5,5,0.161,0.0470000000000001
"226",1,2,5,1,1,0.44,0.514
"227",1,2,5,1,2,0.415,0.435
"228",1,2,5,1,3,0.408,0.38
"229",1,2,5,1,4,0.37,0.287
"230",1,2,5,1,5,0.33,0.209
"231",1,2,5,2,1,0.383,0.428
"232",1,2,5,2,2,0.357,0.349
"233",1,2,5,2,3,0.351,0.294
"234",1,2,5,2,4,0.312,0.201
"235",1,2,5,2,5,0.273,0.123
"236",1,2,5,3,1,0.368,0.419
"237",1,2,5,3,2,0.343,0.34
"238",1,2,5,3,3,0.336,0.285
"239",1,2,5,3,4,0.298,0.192
"240",1,2,5,3,5,0.258,0.114
"241",1,2,5,4,1,0.314,0.316
"242",1,2,5,4,2,0.288,0.237
"243",1,2,5,4,3,0.282,0.182
"244",1,2,5,4,4,0.243,0.089
"245",1,2,5,4,5,0.204,0.011
"246",1,2,5,5,1,0.231,0.268
"247",1,2,5,5,2,0.206,0.189
"248",1,2,5,5,3,0.199,0.134
"249",1,2,5,5,4,0.161,0.041
"250",1,2,5,5,5,0.121,-0.037
"251",1,3,1,1,1,0.677,0.86
"252",1,3,1,1,2,0.652,0.781
"253",1,3,1,1,3,0.645,0.726
"254",1,3,1,1,4,0.539,0.633
"255",1,3,1,1,5,0.428,0.555
"256",1,3,1,2,1,0.619,0.774
"257",1,3,1,2,2,0.594,0.695
"258",1,3,1,2,3,0.587,0.64
"259",1,3,1,2,4,0.481,0.547
"260",1,3,1,2,5,0.37,0.469
"261",1,3,1,3,1,0.605,0.765
"262",1,3,1,3,2,0.58,0.686
"263",1,3,1,3,3,0.573,0.631
"264",1,3,1,3,4,0.467,0.538
"265",1,3,1,3,5,0.356,0.46
"266",1,3,1,4,1,0.495,0.662
"267",1,3,1,4,2,0.469,0.583
"268",1,3,1,4,3,0.463,0.528
"269",1,3,1,4,4,0.384,0.435
"270",1,3,1,4,5,0.301,0.357
"271",1,3,1,5,1,0.329,0.614
"272",1,3,1,5,2,0.304,0.535
"273",1,3,1,5,3,0.297,0.48
"274",1,3,1,5,4,0.259,0.387
"275",1,3,1,5,5,0.219,0.309
"276",1,3,2,1,1,0.63,0.77
"277",1,3,2,1,2,0.604,0.691
"278",1,3,2,1,3,0.598,0.636
"279",1,3,2,1,4,0.491,0.543
"280",1,3,2,1,5,0.381,0.465
"281",1,3,2,2,1,0.572,0.684
"282",1,3,2,2,2,0.547,0.605
"283",1,3,2,2,3,0.54,0.55
"284",1,3,2,2,4,0.434,0.457
"285",1,3,2,2,5,0.323,0.379
"286",1,3,2,3,1,0.558,0.675
"287",1,3,2,3,2,0.532,0.596
"288",1,3,2,3,3,0.526,0.541
"289",1,3,2,3,4,0.419,0.448
"290",1,3,2,3,5,0.309,0.37
"291",1,3,2,4,1,0.447,0.572
"292",1,3,2,4,2,0.422,0.493
"293",1,3,2,4,3,0.415,0.438
"294",1,3,2,4,4,0.336,0.345
"295",1,3,2,4,5,0.254,0.267
"296",1,3,2,5,1,0.282,0.524
"297",1,3,2,5,2,0.256,0.445
"298",1,3,2,5,3,0.25,0.39
"299",1,3,2,5,4,0.211,0.297
"300",1,3,2,5,5,0.172,0.219
"301",1,3,3,1,1,0.618,0.704
"302",1,3,3,1,2,0.593,0.625
"303",1,3,3,1,3,0.586,0.57
"304",1,3,3,1,4,0.48,0.477
"305",1,3,3,1,5,0.369,0.399
"306",1,3,3,2,1,0.56,0.618
"307",1,3,3,2,2,0.535,0.539
"308",1,3,3,2,3,0.528,0.484
"309",1,3,3,2,4,0.422,0.391
"310",1,3,3,2,5,0.311,0.313
"311",1,3,3,3,1,0.546,0.609
"312",1,3,3,3,2,0.521,0.53
"313",1,3,3,3,3,0.514,0.475
"314",1,3,3,3,4,0.408,0.382
"315",1,3,3,3,5,0.297,0.304
"316",1,3,3,4,1,0.436,0.506
"317",1,3,3,4,2,0.41,0.427
"318",1,3,3,4,3,0.404,0.372
"319",1,3,3,4,4,0.325,0.279
"320",1,3,3,4,5,0.242,0.201
"321",1,3,3,5,1,0.27,0.458
"322",1,3,3,5,2,0.245,0.379
"323",1,3,3,5,3,0.238,0.324
"324",1,3,3,5,4,0.2,0.231
"325",1,3,3,5,5,0.16,0.153
"326",1,3,4,1,1,0.553,0.559
"327",1,3,4,1,2,0.528,0.48
"328",1,3,4,1,3,0.521,0.425
"329",1,3,4,1,4,0.437,0.332
"330",1,3,4,1,5,0.35,0.254
"331",1,3,4,2,1,0.495,0.473
"332",1,3,4,2,2,0.47,0.394
"333",1,3,4,2,3,0.463,0.339
"334",1,3,4,2,4,0.379,0.246
"335",1,3,4,2,5,0.292,0.168
"336",1,3,4,3,1,0.481,0.464
"337",1,3,4,3,2,0.456,0.385
"338",1,3,4,3,3,0.449,0.33
"339",1,3,4,3,4,0.365,0.237
"340",1,3,4,3,5,0.278,0.159
"341",1,3,4,4,1,0.389,0.361
"342",1,3,4,4,2,0.364,0.282
"343",1,3,4,4,3,0.357,0.227
"344",1,3,4,4,4,0.291,0.134
"345",1,3,4,4,5,0.223,0.0559999999999999
"346",1,3,4,5,1,0.251,0.313
"347",1,3,4,5,2,0.225,0.234
"348",1,3,4,5,3,0.219,0.179
"349",1,3,4,5,4,0.18,0.0859999999999999
"350",1,3,4,5,5,0.141,0.00799999999999995
"351",1,3,5,1,1,0.42,0.475
"352",1,3,5,1,2,0.395,0.396
"353",1,3,5,1,3,0.388,0.341
"354",1,3,5,1,4,0.35,0.248
"355",1,3,5,1,5,0.31,0.17
"356",1,3,5,2,1,0.362,0.389
"357",1,3,5,2,2,0.337,0.31
"358",1,3,5,2,3,0.33,0.255
"359",1,3,5,2,4,0.292,0.162
"360",1,3,5,2,5,0.252,0.084
"361",1,3,5,3,1,0.348,0.38
"362",1,3,5,3,2,0.323,0.301
"363",1,3,5,3,3,0.316,0.246
"364",1,3,5,3,4,0.278,0.153
"365",1,3,5,3,5,0.238,0.075
"366",1,3,5,4,1,0.293,0.277
"367",1,3,5,4,2,0.268,0.198
"368",1,3,5,4,3,0.261,0.143
"369",1,3,5,4,4,0.223,0.05
"370",1,3,5,4,5,0.183,-0.028
"371",1,3,5,5,1,0.211,0.229
"372",1,3,5,5,2,0.186,0.15
"373",1,3,5,5,3,0.179,0.095
"374",1,3,5,5,4,0.141,0.00199999999999997
"375",1,3,5,5,5,0.101,-0.076
"376",1,4,1,1,1,0.614,0.752
"377",1,4,1,1,2,0.588,0.673
"378",1,4,1,1,3,0.582,0.618
"379",1,4,1,1,4,0.492,0.525
"380",1,4,1,1,5,0.399,0.447
"381",1,4,1,2,1,0.556,0.666
"382",1,4,1,2,2,0.531,0.587
"383",1,4,1,2,3,0.524,0.532
"384",1,4,1,2,4,0.434,0.439
"385",1,4,1,2,5,0.341,0.361
"386",1,4,1,3,1,0.542,0.657
"387",1,4,1,3,2,0.516,0.578
"388",1,4,1,3,3,0.51,0.523
"389",1,4,1,3,4,0.42,0.43
"390",1,4,1,3,5,0.327,0.352
"391",1,4,1,4,1,0.445,0.554
"392",1,4,1,4,2,0.42,0.475
"393",1,4,1,4,3,0.413,0.42
"394",1,4,1,4,4,0.344,0.327
"395",1,4,1,4,5,0.272,0.249
"396",1,4,1,5,1,0.3,0.506
"397",1,4,1,5,2,0.274,0.427
"398",1,4,1,5,3,0.268,0.372
"399",1,4,1,5,4,0.229,0.279
"400",1,4,1,5,5,0.19,0.201
"401",1,4,2,1,1,0.566,0.662
"402",1,4,2,1,2,0.541,0.583
"403",1,4,2,1,3,0.534,0.528
"404",1,4,2,1,4,0.445,0.435
"405",1,4,2,1,5,0.351,0.357
"406",1,4,2,2,1,0.509,0.576
"407",1,4,2,2,2,0.483,0.497
"408",1,4,2,2,3,0.477,0.442
"409",1,4,2,2,4,0.387,0.349
"410",1,4,2,2,5,0.294,0.271
"411",1,4,2,3,1,0.494,0.567
"412",1,4,2,3,2,0.469,0.488
"413",1,4,2,3,3,0.462,0.433
"414",1,4,2,3,4,0.373,0.34
"415",1,4,2,3,5,0.279,0.262
"416",1,4,2,4,1,0.398,0.464
"417",1,4,2,4,2,0.372,0.385
"418",1,4,2,4,3,0.366,0.33
"419",1,4,2,4,4,0.296,0.237
"420",1,4,2,4,5,0.225,0.159
"421",1,4,2,5,1,0.252,0.416
"422",1,4,2,5,2,0.227,0.337
"423",1,4,2,5,3,0.22,0.282
"424",1,4,2,5,4,0.182,0.189
"425",1,4,2,5,5,0.142,0.111
"426",1,4,3,1,1,0.555,0.596
"427",1,4,3,1,2,0.529,0.517
"428",1,4,3,1,3,0.523,0.462
"429",1,4,3,1,4,0.433,0.369
"430",1,4,3,1,5,0.34,0.291
"431",1,4,3,2,1,0.497,0.51
"432",1,4,3,2,2,0.472,0.431
"433",1,4,3,2,3,0.465,0.376
"434",1,4,3,2,4,0.375,0.283
"435",1,4,3,2,5,0.282,0.205
"436",1,4,3,3,1,0.483,0.501
"437",1,4,3,3,2,0.457,0.422
"438",1,4,3,3,3,0.451,0.367
"439",1,4,3,3,4,0.361,0.274
"440",1,4,3,3,5,0.268,0.196
"441",1,4,3,4,1,0.386,0.398
"442",1,4,3,4,2,0.361,0.319
"443",1,4,3,4,3,0.354,0.264
"444",1,4,3,4,4,0.285,0.171
"445",1,4,3,4,5,0.213,0.093
"446",1,4,3,5,1,0.241,0.35
"447",1,4,3,5,2,0.215,0.271
"448",1,4,3,5,3,0.209,0.216
"449",1,4,3,5,4,0.17,0.123
"450",1,4,3,5,5,0.131,0.045
"451",1,4,4,1,1,0.501,0.451
"452",1,4,4,1,2,0.475,0.372
"453",1,4,4,1,3,0.469,0.317
"454",1,4,4,1,4,0.396,0.224
"455",1,4,4,1,5,0.32,0.146
"456",1,4,4,2,1,0.443,0.365
"457",1,4,4,2,2,0.418,0.286
"458",1,4,4,2,3,0.411,0.231
"459",1,4,4,2,4,0.338,0.138
"460",1,4,4,2,5,0.263,0.06
"461",1,4,4,3,1,0.429,0.356
"462",1,4,4,3,2,0.403,0.277
"463",1,4,4,3,3,0.397,0.222
"464",1,4,4,3,4,0.324,0.129
"465",1,4,4,3,5,0.248,0.051
"466",1,4,4,4,1,0.346,0.253
"467",1,4,4,4,2,0.321,0.174
"468",1,4,4,4,3,0.314,0.119
"469",1,4,4,4,4,0.255,0.026
"470",1,4,4,4,5,0.193,-0.052
"471",1,4,4,5,1,0.221,0.205
"472",1,4,4,5,2,0.196,0.126
"473",1,4,4,5,3,0.189,0.071
"474",1,4,4,5,4,0.151,-0.022
"475",1,4,4,5,5,0.111,-0.1
"476",1,4,5,1,1,0.391,0.367
"477",1,4,5,1,2,0.365,0.288
"478",1,4,5,1,3,0.359,0.233
"479",1,4,5,1,4,0.32,0.14
"480",1,4,5,1,5,0.281,0.062
"481",1,4,5,2,1,0.333,0.281
"482",1,4,5,2,2,0.308,0.202
"483",1,4,5,2,3,0.301,0.147
"484",1,4,5,2,4,0.263,0.054
"485",1,4,5,2,5,0.223,-0.024
"486",1,4,5,3,1,0.319,0.272
"487",1,4,5,3,2,0.293,0.193
"488",1,4,5,3,3,0.287,0.138
"489",1,4,5,3,4,0.248,0.045
"490",1,4,5,3,5,0.209,-0.033
"491",1,4,5,4,1,0.264,0.169
"492",1,4,5,4,2,0.238,0.09
"493",1,4,5,4,3,0.232,0.035
"494",1,4,5,4,4,0.194,-0.058
"495",1,4,5,4,5,0.154,-0.136
"496",1,4,5,5,1,0.182,0.121
"497",1,4,5,5,2,0.156,0.042
"498",1,4,5,5,3,0.15,-0.013
"499",1,4,5,5,4,0.111,-0.106
"500",1,4,5,5,5,0.072,-0.184
"501",1,5,1,1,1,0.417,0.684
"502",1,5,1,1,2,0.392,0.605
"503",1,5,1,1,3,0.385,0.55
"504",1,5,1,1,4,0.347,0.457
"505",1,5,1,1,5,0.307,0.379
"506",1,5,1,2,1,0.359,0.598
"507",1,5,1,2,2,0.334,0.519
"508",1,5,1,2,3,0.327,0.464
"509",1,5,1,2,4,0.289,0.371
"510",1,5,1,2,5,0.249,0.293
"511",1,5,1,3,1,0.345,0.589
"512",1,5,1,3,2,0.32,0.51
"513",1,5,1,3,3,0.313,0.455
"514",1,5,1,3,4,0.275,0.362
"515",1,5,1,3,5,0.235,0.284
"516",1,5,1,4,1,0.29,0.486
"517",1,5,1,4,2,0.265,0.407
"518",1,5,1,4,3,0.258,0.352
"519",1,5,1,4,4,0.22,0.259
"520",1,5,1,4,5,0.18,0.181
"521",1,5,1,5,1,0.208,0.438
"522",1,5,1,5,2,0.183,0.359
"523",1,5,1,5,3,0.176,0.304
"524",1,5,1,5,4,0.138,0.211
"525",1,5,1,5,5,0.098,0.133
"526",1,5,2,1,1,0.37,0.594
"527",1,5,2,1,2,0.344,0.515
"528",1,5,2,1,3,0.338,0.46
"529",1,5,2,1,4,0.299,0.367
"530",1,5,2,1,5,0.26,0.289
"531",1,5,2,2,1,0.312,0.508
"532",1,5,2,2,2,0.287,0.429
"533",1,5,2,2,3,0.28,0.374
"534",1,5,2,2,4,0.242,0.281
"535",1,5,2,2,5,0.202,0.203
"536",1,5,2,3,1,0.298,0.499
"537",1,5,2,3,2,0.272,0.42
"538",1,5,2,3,3,0.266,0.365
"539",1,5,2,3,4,0.227,0.272
"540",1,5,2,3,5,0.188,0.194
"541",1,5,2,4,1,0.243,0.396
"542",1,5,2,4,2,0.218,0.317
"543",1,5,2,4,3,0.211,0.262
"544",1,5,2,4,4,0.173,0.169
"545",1,5,2,4,5,0.133,0.091
"546",1,5,2,5,1,0.161,0.348
"547",1,5,2,5,2,0.135,0.269
"548",1,5,2,5,3,0.129,0.214
"549",1,5,2,5,4,0.09,0.121
"550",1,5,2,5,5,0.051,0.043
"551",1,5,3,1,1,0.358,0.528
"552",1,5,3,1,2,0.333,0.449
"553",1,5,3,1,3,0.326,0.394
"554",1,5,3,1,4,0.288,0.301
"555",1,5,3,1,5,0.248,0.223
"556",1,5,3,2,1,0.3,0.442
"557",1,5,3,2,2,0.275,0.363
"558",1,5,3,2,3,0.268,0.308
"559",1,5,3,2,4,0.23,0.215
"560",1,5,3,2,5,0.19,0.137
"561",1,5,3,3,1,0.286,0.433
"562",1,5,3,3,2,0.261,0.354
"563",1,5,3,3,3,0.254,0.299
"564",1,5,3,3,4,0.216,0.206
"565",1,5,3,3,5,0.176,0.128
"566",1,5,3,4,1,0.231,0.33
"567",1,5,3,4,2,0.206,0.251
"568",1,5,3,4,3,0.199,0.196
"569",1,5,3,4,4,0.161,0.103
"570",1,5,3,4,5,0.121,0.0249999999999999
"571",1,5,3,5,1,0.149,0.282
"572",1,5,3,5,2,0.124,0.203
"573",1,5,3,5,3,0.117,0.148
"574",1,5,3,5,4,0.079,0.0549999999999999
"575",1,5,3,5,5,0.039,-0.0230000000000001
"576",1,5,4,1,1,0.339,0.383
"577",1,5,4,1,2,0.313,0.304
"578",1,5,4,1,3,0.307,0.249
"579",1,5,4,1,4,0.268,0.156
"580",1,5,4,1,5,0.229,0.078
"581",1,5,4,2,1,0.281,0.297
"582",1,5,4,2,2,0.256,0.218
"583",1,5,4,2,3,0.249,0.163
"584",1,5,4,2,4,0.211,0.0699999999999999
"585",1,5,4,2,5,0.171,-0.00800000000000006
"586",1,5,4,3,1,0.267,0.288
"587",1,5,4,3,2,0.241,0.209
"588",1,5,4,3,3,0.235,0.154
"589",1,5,4,3,4,0.196,0.0609999999999999
"590",1,5,4,3,5,0.157,-0.0170000000000001
"591",1,5,4,4,1,0.212,0.185
"592",1,5,4,4,2,0.187,0.106
"593",1,5,4,4,3,0.18,0.0509999999999999
"594",1,5,4,4,4,0.142,-0.0420000000000001
"595",1,5,4,4,5,0.102,-0.12
"596",1,5,4,5,1,0.13,0.137
"597",1,5,4,5,2,0.104,0.058
"598",1,5,4,5,3,0.098,0.00299999999999995
"599",1,5,4,5,4,0.059,-0.0900000000000001
"600",1,5,4,5,5,0.02,-0.168
"601",1,5,5,1,1,0.299,0.299
"602",1,5,5,1,2,0.274,0.22
"603",1,5,5,1,3,0.267,0.165
"604",1,5,5,1,4,0.229,0.0719999999999999
"605",1,5,5,1,5,0.189,-0.00600000000000006
"606",1,5,5,2,1,0.241,0.213
"607",1,5,5,2,2,0.216,0.134
"608",1,5,5,2,3,0.209,0.0789999999999999
"609",1,5,5,2,4,0.171,-0.0140000000000001
"610",1,5,5,2,5,0.131,-0.0920000000000001
"611",1,5,5,3,1,0.227,0.204
"612",1,5,5,3,2,0.202,0.125
"613",1,5,5,3,3,0.195,0.0699999999999999
"614",1,5,5,3,4,0.157,-0.0230000000000001
"615",1,5,5,3,5,0.117,-0.101
"616",1,5,5,4,1,0.172,0.101
"617",1,5,5,4,2,0.147,0.0219999999999999
"618",1,5,5,4,3,0.14,-0.0330000000000001
"619",1,5,5,4,4,0.102,-0.126
"620",1,5,5,4,5,0.062,-0.204
"621",1,5,5,5,1,0.09,0.0529999999999999
"622",1,5,5,5,2,0.065,-0.0260000000000001
"623",1,5,5,5,3,0.058,-0.0810000000000001
"624",1,5,5,5,4,0.02,-0.174
"625",1,5,5,5,5,-0.02,-0.252
"626",2,1,1,1,1,0.734,0.881
"627",2,1,1,1,2,0.68,0.802
"628",2,1,1,1,3,0.666,0.747
"629",2,1,1,1,4,0.56,0.654
"630",2,1,1,1,5,0.449,0.576
"631",2,1,1,2,1,0.648,0.795
"632",2,1,1,2,2,0.617,0.716
"633",2,1,1,2,3,0.609,0.661
"634",2,1,1,2,4,0.502,0.568
"635",2,1,1,2,5,0.392,0.49
"636",2,1,1,3,1,0.626,0.786
"637",2,1,1,3,2,0.601,0.707
"638",2,1,1,3,3,0.594,0.652
"639",2,1,1,3,4,0.488,0.559
"640",2,1,1,3,5,0.377,0.481
"641",2,1,1,4,1,0.516,0.683
"642",2,1,1,4,2,0.491,0.604
"643",2,1,1,4,3,0.484,0.549
"644",2,1,1,4,4,0.405,0.456
"645",2,1,1,4,5,0.323,0.378
"646",2,1,1,5,1,0.35,0.635
"647",2,1,1,5,2,0.325,0.556
"648",2,1,1,5,3,0.318,0.501
"649",2,1,1,5,4,0.28,0.408
"650",2,1,1,5,5,0.24,0.33
"651",2,1,2,1,1,0.658,0.791
"652",2,1,2,1,2,0.627,0.712
"653",2,1,2,1,3,0.619,0.657
"654",2,1,2,1,4,0.513,0.564
"655",2,1,2,1,5,0.402,0.486
"656",2,1,2,2,1,0.595,0.705
"657",2,1,2,2,2,0.568,0.626
"658",2,1,2,2,3,0.561,0.571
"659",2,1,2,2,4,0.455,0.478
"660",2,1,2,2,5,0.344,0.4
"661",2,1,2,3,1,0.579,0.696
"662",2,1,2,3,2,0.554,0.617
"663",2,1,2,3,3,0.547,0.562
"664",2,1,2,3,4,0.441,0.469
"665",2,1,2,3,5,0.33,0.391
"666",2,1,2,4,1,0.469,0.593
"667",2,1,2,4,2,0.443,0.514
"668",2,1,2,4,3,0.437,0.459
"669",2,1,2,4,4,0.358,0.366
"670",2,1,2,4,5,0.275,0.288
"671",2,1,2,5,1,0.303,0.545
"672",2,1,2,5,2,0.278,0.466
"673",2,1,2,5,3,0.271,0.411
"674",2,1,2,5,4,0.233,0.318
"675",2,1,2,5,5,0.193,0.24
"676",2,1,3,1,1,0.639,0.725
"677",2,1,3,1,2,0.614,0.646
"678",2,1,3,1,3,0.607,0.591
"679",2,1,3,1,4,0.501,0.498
"680",2,1,3,1,5,0.39,0.42
"681",2,1,3,2,1,0.582,0.639
"682",2,1,3,2,2,0.556,0.56
"683",2,1,3,2,3,0.55,0.505
"684",2,1,3,2,4,0.443,0.412
"685",2,1,3,2,5,0.333,0.334
"686",2,1,3,3,1,0.567,0.63
"687",2,1,3,3,2,0.542,0.551
"688",2,1,3,3,3,0.535,0.496
"689",2,1,3,3,4,0.429,0.403
"690",2,1,3,3,5,0.318,0.325
"691",2,1,3,4,1,0.457,0.527
"692",2,1,3,4,2,0.432,0.448
"693",2,1,3,4,3,0.425,0.393
"694",2,1,3,4,4,0.346,0.3
"695",2,1,3,4,5,0.264,0.222
"696",2,1,3,5,1,0.291,0.479
"697",2,1,3,5,2,0.266,0.4
"698",2,1,3,5,3,0.259,0.345
"699",2,1,3,5,4,0.221,0.252
"700",2,1,3,5,5,0.181,0.174
"701",2,1,4,1,1,0.574,0.58
"702",2,1,4,1,2,0.549,0.501
"703",2,1,4,1,3,0.542,0.446
"704",2,1,4,1,4,0.458,0.353
"705",2,1,4,1,5,0.371,0.275
"706",2,1,4,2,1,0.517,0.494
"707",2,1,4,2,2,0.491,0.415
"708",2,1,4,2,3,0.485,0.36
"709",2,1,4,2,4,0.401,0.267
"710",2,1,4,2,5,0.313,0.189
"711",2,1,4,3,1,0.502,0.485
"712",2,1,4,3,2,0.477,0.406
"713",2,1,4,3,3,0.47,0.351
"714",2,1,4,3,4,0.386,0.258
"715",2,1,4,3,5,0.299,0.18
"716",2,1,4,4,1,0.41,0.382
"717",2,1,4,4,2,0.385,0.303
"718",2,1,4,4,3,0.378,0.248
"719",2,1,4,4,4,0.313,0.155
"720",2,1,4,4,5,0.244,0.0770000000000001
"721",2,1,4,5,1,0.272,0.334
"722",2,1,4,5,2,0.247,0.255
"723",2,1,4,5,3,0.24,0.2
"724",2,1,4,5,4,0.202,0.107
"725",2,1,4,5,5,0.162,0.0290000000000001
"726",2,1,5,1,1,0.441,0.496
"727",2,1,5,1,2,0.416,0.417
"728",2,1,5,1,3,0.409,0.362
"729",2,1,5,1,4,0.371,0.269
"730",2,1,5,1,5,0.331,0.191
"731",2,1,5,2,1,0.384,0.41
"732",2,1,5,2,2,0.358,0.331
"733",2,1,5,2,3,0.352,0.276
"734",2,1,5,2,4,0.314,0.183
"735",2,1,5,2,5,0.274,0.105
"736",2,1,5,3,1,0.369,0.401
"737",2,1,5,3,2,0.344,0.322
"738",2,1,5,3,3,0.337,0.267
"739",2,1,5,3,4,0.299,0.174
"740",2,1,5,3,5,0.259,0.096
"741",2,1,5,4,1,0.315,0.298
"742",2,1,5,4,2,0.289,0.219
"743",2,1,5,4,3,0.283,0.164
"744",2,1,5,4,4,0.244,0.071
"745",2,1,5,4,5,0.205,-0.00700000000000001
"746",2,1,5,5,1,0.232,0.25
"747",2,1,5,5,2,0.207,0.171
"748",2,1,5,5,3,0.2,0.116
"749",2,1,5,5,4,0.162,0.023
"750",2,1,5,5,5,0.122,-0.055
"751",2,2,1,1,1,0.604,0.78
"752",2,2,1,1,2,0.574,0.701
"753",2,2,1,1,3,0.566,0.646
"754",2,2,1,1,4,0.459,0.553
"755",2,2,1,1,5,0.349,0.475
"756",2,2,1,2,1,0.541,0.694
"757",2,2,1,2,2,0.515,0.615
"758",2,2,1,2,3,0.508,0.56
"759",2,2,1,2,4,0.402,0.467
"760",2,2,1,2,5,0.291,0.389
"761",2,2,1,3,1,0.526,0.685
"762",2,2,1,3,2,0.5,0.606
"763",2,2,1,3,3,0.494,0.551
"764",2,2,1,3,4,0.387,0.458
"765",2,2,1,3,5,0.277,0.38
"766",2,2,1,4,1,0.415,0.582
"767",2,2,1,4,2,0.39,0.503
"768",2,2,1,4,3,0.383,0.448
"769",2,2,1,4,4,0.304,0.355
"770",2,2,1,4,5,0.222,0.277
"771",2,2,1,5,1,0.25,0.534
"772",2,2,1,5,2,0.224,0.455
"773",2,2,1,5,3,0.218,0.4
"774",2,2,1,5,4,0.179,0.307
"775",2,2,1,5,5,0.14,0.229
"776",2,2,2,1,1,0.552,0.69
"777",2,2,2,1,2,0.525,0.611
"778",2,2,2,1,3,0.518,0.556
"779",2,2,2,1,4,0.412,0.463
"780",2,2,2,1,5,0.301,0.385
"781",2,2,2,2,1,0.493,0.604
"782",2,2,2,2,2,0.467,0.525
"783",2,2,2,2,3,0.461,0.47
"784",2,2,2,2,4,0.354,0.377
"785",2,2,2,2,5,0.244,0.299
"786",2,2,2,3,1,0.478,0.595
"787",2,2,2,3,2,0.453,0.516
"788",2,2,2,3,3,0.446,0.461
"789",2,2,2,3,4,0.34,0.368
"790",2,2,2,3,5,0.229,0.29
"791",2,2,2,4,1,0.368,0.492
"792",2,2,2,4,2,0.343,0.413
"793",2,2,2,4,3,0.336,0.358
"794",2,2,2,4,4,0.257,0.265
"795",2,2,2,4,5,0.175,0.187
"796",2,2,2,5,1,0.202,0.444
"797",2,2,2,5,2,0.177,0.365
"798",2,2,2,5,3,0.17,0.31
"799",2,2,2,5,4,0.132,0.217
"800",2,2,2,5,5,0.092,0.139
"801",2,2,3,1,1,0.539,0.624
"802",2,2,3,1,2,0.513,0.545
"803",2,2,3,1,3,0.507,0.49
"804",2,2,3,1,4,0.4,0.397
"805",2,2,3,1,5,0.29,0.319
"806",2,2,3,2,1,0.481,0.538
"807",2,2,3,2,2,0.456,0.459
"808",2,2,3,2,3,0.449,0.404
"809",2,2,3,2,4,0.343,0.311
"810",2,2,3,2,5,0.232,0.233
"811",2,2,3,3,1,0.467,0.529
"812",2,2,3,3,2,0.441,0.45
"813",2,2,3,3,3,0.435,0.395
"814",2,2,3,3,4,0.328,0.302
"815",2,2,3,3,5,0.218,0.224
"816",2,2,3,4,1,0.356,0.426
"817",2,2,3,4,2,0.331,0.347
"818",2,2,3,4,3,0.324,0.292
"819",2,2,3,4,4,0.245,0.199
"820",2,2,3,4,5,0.163,0.121
"821",2,2,3,5,1,0.191,0.378
"822",2,2,3,5,2,0.165,0.299
"823",2,2,3,5,3,0.159,0.244
"824",2,2,3,5,4,0.12,0.151
"825",2,2,3,5,5,0.081,0.073
"826",2,2,4,1,1,0.474,0.479
"827",2,2,4,1,2,0.448,0.4
"828",2,2,4,1,3,0.442,0.345
"829",2,2,4,1,4,0.358,0.252
"830",2,2,4,1,5,0.27,0.174
"831",2,2,4,2,1,0.416,0.393
"832",2,2,4,2,2,0.391,0.314
"833",2,2,4,2,3,0.384,0.259
"834",2,2,4,2,4,0.3,0.166
"835",2,2,4,2,5,0.213,0.088
"836",2,2,4,3,1,0.402,0.384
"837",2,2,4,3,2,0.376,0.305
"838",2,2,4,3,3,0.37,0.25
"839",2,2,4,3,4,0.286,0.157
"840",2,2,4,3,5,0.198,0.079
"841",2,2,4,4,1,0.31,0.281
"842",2,2,4,4,2,0.284,0.202
"843",2,2,4,4,3,0.278,0.147
"844",2,2,4,4,4,0.212,0.054
"845",2,2,4,4,5,0.144,-0.024
"846",2,2,4,5,1,0.171,0.233
"847",2,2,4,5,2,0.146,0.154
"848",2,2,4,5,3,0.139,0.099
"849",2,2,4,5,4,0.101,0.00600000000000003
"850",2,2,4,5,5,0.061,-0.072
"851",2,2,5,1,1,0.341,0.395
"852",2,2,5,1,2,0.315,0.316
"853",2,2,5,1,3,0.309,0.261
"854",2,2,5,1,4,0.27,0.168
"855",2,2,5,1,5,0.231,0.09
"856",2,2,5,2,1,0.283,0.309
"857",2,2,5,2,2,0.258,0.23
"858",2,2,5,2,3,0.251,0.175
"859",2,2,5,2,4,0.213,0.082
"860",2,2,5,2,5,0.173,0.00400000000000006
"861",2,2,5,3,1,0.269,0.3
"862",2,2,5,3,2,0.243,0.221
"863",2,2,5,3,3,0.237,0.166
"864",2,2,5,3,4,0.198,0.073
"865",2,2,5,3,5,0.159,-0.00499999999999995
"866",2,2,5,4,1,0.214,0.197
"867",2,2,5,4,2,0.189,0.118
"868",2,2,5,4,3,0.182,0.063
"869",2,2,5,4,4,0.144,-0.03
"870",2,2,5,4,5,0.104,-0.108
"871",2,2,5,5,1,0.132,0.149
"872",2,2,5,5,2,0.106,0.07
"873",2,2,5,5,3,0.1,0.015
"874",2,2,5,5,4,0.061,-0.078
"875",2,2,5,5,5,0.022,-0.156
"876",2,3,1,1,1,0.577,0.741
"877",2,3,1,1,2,0.552,0.662
"878",2,3,1,1,3,0.545,0.607
"879",2,3,1,1,4,0.439,0.514
"880",2,3,1,1,5,0.328,0.436
"881",2,3,1,2,1,0.52,0.655
"882",2,3,1,2,2,0.494,0.576
"883",2,3,1,2,3,0.488,0.521
"884",2,3,1,2,4,0.381,0.428
"885",2,3,1,2,5,0.271,0.35
"886",2,3,1,3,1,0.505,0.646
"887",2,3,1,3,2,0.48,0.567
"888",2,3,1,3,3,0.473,0.512
"889",2,3,1,3,4,0.367,0.419
"890",2,3,1,3,5,0.256,0.341
"891",2,3,1,4,1,0.395,0.543
"892",2,3,1,4,2,0.37,0.464
"893",2,3,1,4,3,0.363,0.409
"894",2,3,1,4,4,0.284,0.316
"895",2,3,1,4,5,0.202,0.238
"896",2,3,1,5,1,0.229,0.495
"897",2,3,1,5,2,0.204,0.416
"898",2,3,1,5,3,0.197,0.361
"899",2,3,1,5,4,0.159,0.268
"900",2,3,1,5,5,0.119,0.19
"901",2,3,2,1,1,0.53,0.651
"902",2,3,2,1,2,0.505,0.572
"903",2,3,2,1,3,0.498,0.517
"904",2,3,2,1,4,0.392,0.424
"905",2,3,2,1,5,0.281,0.346
"906",2,3,2,2,1,0.472,0.565
"907",2,3,2,2,2,0.447,0.486
"908",2,3,2,2,3,0.44,0.431
"909",2,3,2,2,4,0.334,0.338
"910",2,3,2,2,5,0.223,0.26
"911",2,3,2,3,1,0.458,0.556
"912",2,3,2,3,2,0.433,0.477
"913",2,3,2,3,3,0.426,0.422
"914",2,3,2,3,4,0.32,0.329
"915",2,3,2,3,5,0.209,0.251
"916",2,3,2,4,1,0.348,0.453
"917",2,3,2,4,2,0.322,0.374
"918",2,3,2,4,3,0.316,0.319
"919",2,3,2,4,4,0.237,0.226
"920",2,3,2,4,5,0.154,0.148
"921",2,3,2,5,1,0.182,0.405
"922",2,3,2,5,2,0.157,0.326
"923",2,3,2,5,3,0.15,0.271
"924",2,3,2,5,4,0.112,0.178
"925",2,3,2,5,5,0.072,0.1
"926",2,3,3,1,1,0.518,0.585
"927",2,3,3,1,2,0.493,0.506
"928",2,3,3,1,3,0.486,0.451
"929",2,3,3,1,4,0.38,0.358
"930",2,3,3,1,5,0.269,0.28
"931",2,3,3,2,1,0.461,0.499
"932",2,3,3,2,2,0.435,0.42
"933",2,3,3,2,3,0.429,0.365
"934",2,3,3,2,4,0.322,0.272
"935",2,3,3,2,5,0.212,0.194
"936",2,3,3,3,1,0.446,0.49
"937",2,3,3,3,2,0.421,0.411
"938",2,3,3,3,3,0.414,0.356
"939",2,3,3,3,4,0.308,0.263
"940",2,3,3,3,5,0.197,0.185
"941",2,3,3,4,1,0.336,0.387
"942",2,3,3,4,2,0.311,0.308
"943",2,3,3,4,3,0.304,0.253
"944",2,3,3,4,4,0.225,0.16
"945",2,3,3,4,5,0.143,0.082
"946",2,3,3,5,1,0.17,0.339
"947",2,3,3,5,2,0.145,0.26
"948",2,3,3,5,3,0.138,0.205
"949",2,3,3,5,4,0.1,0.112
"950",2,3,3,5,5,0.06,0.034
"951",2,3,4,1,1,0.453,0.44
"952",2,3,4,1,2,0.428,0.361
"953",2,3,4,1,3,0.421,0.306
"954",2,3,4,1,4,0.337,0.213
"955",2,3,4,1,5,0.25,0.135
"956",2,3,4,2,1,0.396,0.354
"957",2,3,4,2,2,0.37,0.275
"958",2,3,4,2,3,0.364,0.22
"959",2,3,4,2,4,0.28,0.127
"960",2,3,4,2,5,0.192,0.049
"961",2,3,4,3,1,0.381,0.345
"962",2,3,4,3,2,0.356,0.266
"963",2,3,4,3,3,0.349,0.211
"964",2,3,4,3,4,0.265,0.118
"965",2,3,4,3,5,0.178,0.04
"966",2,3,4,4,1,0.289,0.242
"967",2,3,4,4,2,0.264,0.163
"968",2,3,4,4,3,0.257,0.108
"969",2,3,4,4,4,0.192,0.015
"970",2,3,4,4,5,0.123,-0.063
"971",2,3,4,5,1,0.151,0.194
"972",2,3,4,5,2,0.126,0.115
"973",2,3,4,5,3,0.119,0.06
"974",2,3,4,5,4,0.081,-0.033
"975",2,3,4,5,5,0.041,-0.111
"976",2,3,5,1,1,0.32,0.356
"977",2,3,5,1,2,0.295,0.277
"978",2,3,5,1,3,0.288,0.222
"979",2,3,5,1,4,0.25,0.129
"980",2,3,5,1,5,0.21,0.051
"981",2,3,5,2,1,0.263,0.27
"982",2,3,5,2,2,0.237,0.191
"983",2,3,5,2,3,0.231,0.136
"984",2,3,5,2,4,0.193,0.043
"985",2,3,5,2,5,0.153,-0.035
"986",2,3,5,3,1,0.248,0.261
"987",2,3,5,3,2,0.223,0.182
"988",2,3,5,3,3,0.216,0.127
"989",2,3,5,3,4,0.178,0.034
"990",2,3,5,3,5,0.138,-0.044
"991",2,3,5,4,1,0.194,0.158
"992",2,3,5,4,2,0.168,0.079
"993",2,3,5,4,3,0.162,0.024
"994",2,3,5,4,4,0.123,-0.069
"995",2,3,5,4,5,0.084,-0.147
"996",2,3,5,5,1,0.111,0.11
"997",2,3,5,5,2,0.086,0.031
"998",2,3,5,5,3,0.079,-0.024
"999",2,3,5,5,4,0.041,-0.117
"1000",2,3,5,5,5,0.001,-0.195
"1001",2,4,1,1,1,0.514,0.633
"1002",2,4,1,1,2,0.489,0.554
"1003",2,4,1,1,3,0.482,0.499
"1004",2,4,1,1,4,0.392,0.406
"1005",2,4,1,1,5,0.299,0.328
"1006",2,4,1,2,1,0.457,0.547
"1007",2,4,1,2,2,0.431,0.468
"1008",2,4,1,2,3,0.425,0.413
"1009",2,4,1,2,4,0.335,0.32
"1010",2,4,1,2,5,0.241,0.242
"1011",2,4,1,3,1,0.442,0.538
"1012",2,4,1,3,2,0.417,0.459
"1013",2,4,1,3,3,0.41,0.404
"1014",2,4,1,3,4,0.32,0.311
"1015",2,4,1,3,5,0.227,0.233
"1016",2,4,1,4,1,0.346,0.435
"1017",2,4,1,4,2,0.32,0.356
"1018",2,4,1,4,3,0.314,0.301
"1019",2,4,1,4,4,0.244,0.208
"1020",2,4,1,4,5,0.172,0.13
"1021",2,4,1,5,1,0.2,0.387
"1022",2,4,1,5,2,0.175,0.308
"1023",2,4,1,5,3,0.168,0.253
"1024",2,4,1,5,4,0.13,0.16
"1025",2,4,1,5,5,0.09,0.082
"1026",2,4,2,1,1,0.467,0.543
"1027",2,4,2,1,2,0.442,0.464
"1028",2,4,2,1,3,0.435,0.409
"1029",2,4,2,1,4,0.345,0.316
"1030",2,4,2,1,5,0.252,0.238
"1031",2,4,2,2,1,0.409,0.457
"1032",2,4,2,2,2,0.384,0.378
"1033",2,4,2,2,3,0.377,0.323
"1034",2,4,2,2,4,0.287,0.23
"1035",2,4,2,2,5,0.194,0.152
"1036",2,4,2,3,1,0.395,0.448
"1037",2,4,2,3,2,0.37,0.369
"1038",2,4,2,3,3,0.363,0.314
"1039",2,4,2,3,4,0.273,0.221
"1040",2,4,2,3,5,0.18,0.143
"1041",2,4,2,4,1,0.298,0.345
"1042",2,4,2,4,2,0.273,0.266
"1043",2,4,2,4,3,0.266,0.211
"1044",2,4,2,4,4,0.197,0.118
"1045",2,4,2,4,5,0.125,0.04
"1046",2,4,2,5,1,0.153,0.297
"1047",2,4,2,5,2,0.127,0.218
"1048",2,4,2,5,3,0.121,0.163
"1049",2,4,2,5,4,0.082,0.07
"1050",2,4,2,5,5,0.043,-0.00799999999999995
"1051",2,4,3,1,1,0.455,0.477
"1052",2,4,3,1,2,0.43,0.398
"1053",2,4,3,1,3,0.423,0.343
"1054",2,4,3,1,4,0.333,0.25
"1055",2,4,3,1,5,0.24,0.172
"1056",2,4,3,2,1,0.398,0.391
"1057",2,4,3,2,2,0.372,0.312
"1058",2,4,3,2,3,0.366,0.257
"1059",2,4,3,2,4,0.276,0.164
"1060",2,4,3,2,5,0.182,0.086
"1061",2,4,3,3,1,0.383,0.382
"1062",2,4,3,3,2,0.358,0.303
"1063",2,4,3,3,3,0.351,0.248
"1064",2,4,3,3,4,0.261,0.155
"1065",2,4,3,3,5,0.168,0.077
"1066",2,4,3,4,1,0.287,0.279
"1067",2,4,3,4,2,0.261,0.2
"1068",2,4,3,4,3,0.255,0.145
"1069",2,4,3,4,4,0.185,0.052
"1070",2,4,3,4,5,0.113,-0.026
"1071",2,4,3,5,1,0.141,0.231
"1072",2,4,3,5,2,0.116,0.152
"1073",2,4,3,5,3,0.109,0.097
"1074",2,4,3,5,4,0.071,0.00399999999999998
"1075",2,4,3,5,5,0.031,-0.074
"1076",2,4,4,1,1,0.401,0.332
"1077",2,4,4,1,2,0.376,0.253
"1078",2,4,4,1,3,0.369,0.198
"1079",2,4,4,1,4,0.296,0.105
"1080",2,4,4,1,5,0.221,0.027
"1081",2,4,4,2,1,0.344,0.246
"1082",2,4,4,2,2,0.318,0.167
"1083",2,4,4,2,3,0.312,0.112
"1084",2,4,4,2,4,0.239,0.019
"1085",2,4,4,2,5,0.163,-0.059
"1086",2,4,4,3,1,0.329,0.237
"1087",2,4,4,3,2,0.304,0.158
"1088",2,4,4,3,3,0.297,0.103
"1089",2,4,4,3,4,0.224,0.01
"1090",2,4,4,3,5,0.149,-0.068
"1091",2,4,4,4,1,0.246,0.134
"1092",2,4,4,4,2,0.221,0.055
"1093",2,4,4,4,3,0.214,0
"1094",2,4,4,4,4,0.155,-0.093
"1095",2,4,4,4,5,0.094,-0.171
"1096",2,4,4,5,1,0.122,0.086
"1097",2,4,4,5,2,0.096,0.00700000000000002
"1098",2,4,4,5,3,0.09,-0.048
"1099",2,4,4,5,4,0.051,-0.141
"1100",2,4,4,5,5,0.012,-0.219
"1101",2,4,5,1,1,0.291,0.248
"1102",2,4,5,1,2,0.266,0.169
"1103",2,4,5,1,3,0.259,0.114
"1104",2,4,5,1,4,0.221,0.021
"1105",2,4,5,1,5,0.181,-0.057
"1106",2,4,5,2,1,0.233,0.162
"1107",2,4,5,2,2,0.208,0.083
"1108",2,4,5,2,3,0.201,0.028
"1109",2,4,5,2,4,0.163,-0.065
"1110",2,4,5,2,5,0.123,-0.143
"1111",2,4,5,3,1,0.219,0.153
"1112",2,4,5,3,2,0.194,0.074
"1113",2,4,5,3,3,0.187,0.019
"1114",2,4,5,3,4,0.149,-0.074
"1115",2,4,5,3,5,0.109,-0.152
"1116",2,4,5,4,1,0.164,0.05
"1117",2,4,5,4,2,0.139,-0.029
"1118",2,4,5,4,3,0.132,-0.084
"1119",2,4,5,4,4,0.094,-0.177
"1120",2,4,5,4,5,0.054,-0.255
"1121",2,4,5,5,1,0.082,0.002
"1122",2,4,5,5,2,0.057,-0.077
"1123",2,4,5,5,3,0.05,-0.132
"1124",2,4,5,5,4,0.012,-0.225
"1125",2,4,5,5,5,-0.028,-0.303
"1126",2,5,1,1,1,0.317,0.565
"1127",2,5,1,1,2,0.292,0.486
"1128",2,5,1,1,3,0.285,0.431
"1129",2,5,1,1,4,0.247,0.338
"1130",2,5,1,1,5,0.207,0.26
"1131",2,5,1,2,1,0.26,0.479
"1132",2,5,1,2,2,0.234,0.4
"1133",2,5,1,2,3,0.228,0.345
"1134",2,5,1,2,4,0.19,0.252
"1135",2,5,1,2,5,0.15,0.174
"1136",2,5,1,3,1,0.245,0.47
"1137",2,5,1,3,2,0.22,0.391
"1138",2,5,1,3,3,0.213,0.336
"1139",2,5,1,3,4,0.175,0.243
"1140",2,5,1,3,5,0.135,0.165
"1141",2,5,1,4,1,0.191,0.367
"1142",2,5,1,4,2,0.165,0.288
"1143",2,5,1,4,3,0.159,0.233
"1144",2,5,1,4,4,0.12,0.14
"1145",2,5,1,4,5,0.081,0.0619999999999999
"1146",2,5,1,5,1,0.108,0.319
"1147",2,5,1,5,2,0.083,0.24
"1148",2,5,1,5,3,0.076,0.185
"1149",2,5,1,5,4,0.038,0.0919999999999999
"1150",2,5,1,5,5,-0.002,0.014
"1151",2,5,2,1,1,0.27,0.475
"1152",2,5,2,1,2,0.245,0.396
"1153",2,5,2,1,3,0.238,0.341
"1154",2,5,2,1,4,0.2,0.248
"1155",2,5,2,1,5,0.16,0.17
"1156",2,5,2,2,1,0.212,0.389
"1157",2,5,2,2,2,0.187,0.31
"1158",2,5,2,2,3,0.18,0.255
"1159",2,5,2,2,4,0.142,0.162
"1160",2,5,2,2,5,0.102,0.084
"1161",2,5,2,3,1,0.198,0.38
"1162",2,5,2,3,2,0.173,0.301
"1163",2,5,2,3,3,0.166,0.246
"1164",2,5,2,3,4,0.128,0.153
"1165",2,5,2,3,5,0.088,0.075
"1166",2,5,2,4,1,0.143,0.277
"1167",2,5,2,4,2,0.118,0.198
"1168",2,5,2,4,3,0.111,0.143
"1169",2,5,2,4,4,0.073,0.05
"1170",2,5,2,4,5,0.033,-0.028
"1171",2,5,2,5,1,0.061,0.229
"1172",2,5,2,5,2,0.036,0.15
"1173",2,5,2,5,3,0.029,0.095
"1174",2,5,2,5,4,-0.009,0.00199999999999997
"1175",2,5,2,5,5,-0.049,-0.076
"1176",2,5,3,1,1,0.258,0.409
"1177",2,5,3,1,2,0.233,0.33
"1178",2,5,3,1,3,0.226,0.275
"1179",2,5,3,1,4,0.188,0.182
"1180",2,5,3,1,5,0.148,0.104
"1181",2,5,3,2,1,0.201,0.323
"1182",2,5,3,2,2,0.175,0.244
"1183",2,5,3,2,3,0.169,0.189
"1184",2,5,3,2,4,0.131,0.0959999999999999
"1185",2,5,3,2,5,0.091,0.018
"1186",2,5,3,3,1,0.186,0.314
"1187",2,5,3,3,2,0.161,0.235
"1188",2,5,3,3,3,0.154,0.18
"1189",2,5,3,3,4,0.116,0.0869999999999999
"1190",2,5,3,3,5,0.076,0.00899999999999995
"1191",2,5,3,4,1,0.132,0.211
"1192",2,5,3,4,2,0.106,0.132
"1193",2,5,3,4,3,0.1,0.0769999999999999
"1194",2,5,3,4,4,0.061,-0.0160000000000001
"1195",2,5,3,4,5,0.022,-0.0940000000000001
"1196",2,5,3,5,1,0.049,0.163
"1197",2,5,3,5,2,0.024,0.0839999999999999
"1198",2,5,3,5,3,0.017,0.0289999999999999
"1199",2,5,3,5,4,-0.021,-0.0640000000000001
"1200",2,5,3,5,5,-0.061,-0.142
"1201",2,5,4,1,1,0.239,0.264
"1202",2,5,4,1,2,0.214,0.185
"1203",2,5,4,1,3,0.207,0.13
"1204",2,5,4,1,4,0.169,0.0369999999999999
"1205",2,5,4,1,5,0.129,-0.041
"1206",2,5,4,2,1,0.181,0.178
"1207",2,5,4,2,2,0.156,0.099
"1208",2,5,4,2,3,0.149,0.044
"1209",2,5,4,2,4,0.111,-0.049
"1210",2,5,4,2,5,0.071,-0.127
"1211",2,5,4,3,1,0.167,0.169
"1212",2,5,4,3,2,0.142,0.09
"1213",2,5,4,3,3,0.135,0.0349999999999999
"1214",2,5,4,3,4,0.097,-0.0580000000000001
"1215",2,5,4,3,5,0.057,-0.136
"1216",2,5,4,4,1,0.112,0.0659999999999999
"1217",2,5,4,4,2,0.087,-0.0130000000000001
"1218",2,5,4,4,3,0.08,-0.0680000000000001
"1219",2,5,4,4,4,0.042,-0.161
"1220",2,5,4,4,5,0.002,-0.239
"1221",2,5,4,5,1,0.03,0.018
"1222",2,5,4,5,2,0.005,-0.061
"1223",2,5,4,5,3,-0.002,-0.116
"1224",2,5,4,5,4,-0.04,-0.209
"1225",2,5,4,5,5,-0.08,-0.287
"1226",2,5,5,1,1,0.199,0.18
"1227",2,5,5,1,2,0.174,0.101
"1228",2,5,5,1,3,0.167,0.0459999999999999
"1229",2,5,5,1,4,0.129,-0.0470000000000001
"1230",2,5,5,1,5,0.089,-0.125
"1231",2,5,5,2,1,0.142,0.0939999999999999
"1232",2,5,5,2,2,0.116,0.0149999999999999
"1233",2,5,5,2,3,0.11,-0.0400000000000001
"1234",2,5,5,2,4,0.072,-0.133
"1235",2,5,5,2,5,0.032,-0.211
"1236",2,5,5,3,1,0.127,0.0849999999999999
"1237",2,5,5,3,2,0.102,0.00599999999999994
"1238",2,5,5,3,3,0.095,-0.0490000000000001
"1239",2,5,5,3,4,0.057,-0.142
"1240",2,5,5,3,5,0.017,-0.22
"1241",2,5,5,4,1,0.073,-0.0180000000000001
"1242",2,5,5,4,2,0.047,-0.0970000000000001
"1243",2,5,5,4,3,0.041,-0.152
"1244",2,5,5,4,4,0.002,-0.245
"1245",2,5,5,4,5,-0.037,-0.323
"1246",2,5,5,5,1,-0.01,-0.0660000000000001
"1247",2,5,5,5,2,-0.035,-0.145
"1248",2,5,5,5,3,-0.042,-0.2
"1249",2,5,5,5,4,-0.08,-0.293
"1250",2,5,5,5,5,-0.12,-0.371
"1251",3,1,1,1,1,0.677,0.808
"1252",3,1,1,1,2,0.652,0.729
"1253",3,1,1,1,3,0.645,0.674
"1254",3,1,1,1,4,0.539,0.581
"1255",3,1,1,1,5,0.428,0.503
"1256",3,1,1,2,1,0.619,0.722
"1257",3,1,1,2,2,0.594,0.643
"1258",3,1,1,2,3,0.587,0.588
"1259",3,1,1,2,4,0.481,0.495
"1260",3,1,1,2,5,0.37,0.417
"1261",3,1,1,3,1,0.605,0.713
"1262",3,1,1,3,2,0.58,0.634
"1263",3,1,1,3,3,0.573,0.579
"1264",3,1,1,3,4,0.467,0.486
"1265",3,1,1,3,5,0.356,0.408
"1266",3,1,1,4,1,0.495,0.61
"1267",3,1,1,4,2,0.469,0.531
"1268",3,1,1,4,3,0.463,0.476
"1269",3,1,1,4,4,0.384,0.383
"1270",3,1,1,4,5,0.301,0.305
"1271",3,1,1,5,1,0.329,0.562
"1272",3,1,1,5,2,0.304,0.483
"1273",3,1,1,5,3,0.297,0.428
"1274",3,1,1,5,4,0.259,0.335
"1275",3,1,1,5,5,0.219,0.257
"1276",3,1,2,1,1,0.63,0.718
"1277",3,1,2,1,2,0.604,0.639
"1278",3,1,2,1,3,0.598,0.584
"1279",3,1,2,1,4,0.491,0.491
"1280",3,1,2,1,5,0.381,0.413
"1281",3,1,2,2,1,0.572,0.632
"1282",3,1,2,2,2,0.547,0.553
"1283",3,1,2,2,3,0.54,0.498
"1284",3,1,2,2,4,0.434,0.405
"1285",3,1,2,2,5,0.323,0.327
"1286",3,1,2,3,1,0.558,0.623
"1287",3,1,2,3,2,0.532,0.544
"1288",3,1,2,3,3,0.526,0.489
"1289",3,1,2,3,4,0.419,0.396
"1290",3,1,2,3,5,0.309,0.318
"1291",3,1,2,4,1,0.447,0.52
"1292",3,1,2,4,2,0.422,0.441
"1293",3,1,2,4,3,0.415,0.386
"1294",3,1,2,4,4,0.336,0.293
"1295",3,1,2,4,5,0.254,0.215
"1296",3,1,2,5,1,0.282,0.472
"1297",3,1,2,5,2,0.256,0.393
"1298",3,1,2,5,3,0.25,0.338
"1299",3,1,2,5,4,0.211,0.245
"1300",3,1,2,5,5,0.172,0.167
"1301",3,1,3,1,1,0.618,0.652
"1302",3,1,3,1,2,0.593,0.573
"1303",3,1,3,1,3,0.586,0.518
"1304",3,1,3,1,4,0.48,0.425
"1305",3,1,3,1,5,0.369,0.347
"1306",3,1,3,2,1,0.56,0.566
"1307",3,1,3,2,2,0.535,0.487
"1308",3,1,3,2,3,0.528,0.432
"1309",3,1,3,2,4,0.422,0.339
"1310",3,1,3,2,5,0.311,0.261
"1311",3,1,3,3,1,0.546,0.557
"1312",3,1,3,3,2,0.521,0.478
"1313",3,1,3,3,3,0.514,0.423
"1314",3,1,3,3,4,0.408,0.33
"1315",3,1,3,3,5,0.297,0.252
"1316",3,1,3,4,1,0.436,0.454
"1317",3,1,3,4,2,0.41,0.375
"1318",3,1,3,4,3,0.404,0.32
"1319",3,1,3,4,4,0.325,0.227
"1320",3,1,3,4,5,0.242,0.149
"1321",3,1,3,5,1,0.27,0.406
"1322",3,1,3,5,2,0.245,0.327
"1323",3,1,3,5,3,0.238,0.272
"1324",3,1,3,5,4,0.2,0.179
"1325",3,1,3,5,5,0.16,0.101
"1326",3,1,4,1,1,0.553,0.507
"1327",3,1,4,1,2,0.528,0.428
"1328",3,1,4,1,3,0.521,0.373
"1329",3,1,4,1,4,0.437,0.28
"1330",3,1,4,1,5,0.35,0.202
"1331",3,1,4,2,1,0.495,0.421
"1332",3,1,4,2,2,0.47,0.342
"1333",3,1,4,2,3,0.463,0.287
"1334",3,1,4,2,4,0.379,0.194
"1335",3,1,4,2,5,0.292,0.116
"1336",3,1,4,3,1,0.481,0.412
"1337",3,1,4,3,2,0.456,0.333
"1338",3,1,4,3,3,0.449,0.278
"1339",3,1,4,3,4,0.365,0.185
"1340",3,1,4,3,5,0.278,0.107
"1341",3,1,4,4,1,0.389,0.309
"1342",3,1,4,4,2,0.364,0.23
"1343",3,1,4,4,3,0.357,0.175
"1344",3,1,4,4,4,0.291,0.0820000000000001
"1345",3,1,4,4,5,0.223,0.00400000000000011
"1346",3,1,4,5,1,0.251,0.261
"1347",3,1,4,5,2,0.225,0.182
"1348",3,1,4,5,3,0.219,0.127
"1349",3,1,4,5,4,0.18,0.0340000000000001
"1350",3,1,4,5,5,0.141,-0.0439999999999999
"1351",3,1,5,1,1,0.42,0.423
"1352",3,1,5,1,2,0.395,0.344
"1353",3,1,5,1,3,0.388,0.289
"1354",3,1,5,1,4,0.35,0.196
"1355",3,1,5,1,5,0.31,0.118
"1356",3,1,5,2,1,0.362,0.337
"1357",3,1,5,2,2,0.337,0.258
"1358",3,1,5,2,3,0.33,0.203
"1359",3,1,5,2,4,0.292,0.11
"1360",3,1,5,2,5,0.252,0.0320000000000001
"1361",3,1,5,3,1,0.348,0.328
"1362",3,1,5,3,2,0.323,0.249
"1363",3,1,5,3,3,0.316,0.194
"1364",3,1,5,3,4,0.278,0.101
"1365",3,1,5,3,5,0.238,0.0230000000000001
"1366",3,1,5,4,1,0.293,0.225
"1367",3,1,5,4,2,0.268,0.146
"1368",3,1,5,4,3,0.261,0.091
"1369",3,1,5,4,4,0.223,-0.00199999999999997
"1370",3,1,5,4,5,0.183,-0.08
"1371",3,1,5,5,1,0.211,0.177
"1372",3,1,5,5,2,0.186,0.098
"1373",3,1,5,5,3,0.179,0.043
"1374",3,1,5,5,4,0.141,-0.05
"1375",3,1,5,5,5,0.101,-0.128
"1376",3,2,1,1,1,0.576,0.707
"1377",3,2,1,1,2,0.551,0.628
"1378",3,2,1,1,3,0.544,0.573
"1379",3,2,1,1,4,0.438,0.48
"1380",3,2,1,1,5,0.327,0.402
"1381",3,2,1,2,1,0.519,0.621
"1382",3,2,1,2,2,0.493,0.542
"1383",3,2,1,2,3,0.487,0.487
"1384",3,2,1,2,4,0.38,0.394
"1385",3,2,1,2,5,0.27,0.316
"1386",3,2,1,3,1,0.504,0.612
"1387",3,2,1,3,2,0.479,0.533
"1388",3,2,1,3,3,0.472,0.478
"1389",3,2,1,3,4,0.366,0.385
"1390",3,2,1,3,5,0.255,0.307
"1391",3,2,1,4,1,0.394,0.509
"1392",3,2,1,4,2,0.369,0.43
"1393",3,2,1,4,3,0.362,0.375
"1394",3,2,1,4,4,0.283,0.282
"1395",3,2,1,4,5,0.201,0.204
"1396",3,2,1,5,1,0.228,0.461
"1397",3,2,1,5,2,0.203,0.382
"1398",3,2,1,5,3,0.196,0.327
"1399",3,2,1,5,4,0.158,0.234
"1400",3,2,1,5,5,0.118,0.156
"1401",3,2,2,1,1,0.529,0.617
"1402",3,2,2,1,2,0.504,0.538
"1403",3,2,2,1,3,0.497,0.483
"1404",3,2,2,1,4,0.39,0.39
"1405",3,2,2,1,5,0.28,0.312
"1406",3,2,2,2,1,0.471,0.531
"1407",3,2,2,2,2,0.446,0.452
"1408",3,2,2,2,3,0.439,0.397
"1409",3,2,2,2,4,0.333,0.304
"1410",3,2,2,2,5,0.222,0.226
"1411",3,2,2,3,1,0.457,0.522
"1412",3,2,2,3,2,0.432,0.443
"1413",3,2,2,3,3,0.425,0.388
"1414",3,2,2,3,4,0.318,0.295
"1415",3,2,2,3,5,0.208,0.217
"1416",3,2,2,4,1,0.347,0.419
"1417",3,2,2,4,2,0.321,0.34
"1418",3,2,2,4,3,0.315,0.285
"1419",3,2,2,4,4,0.235,0.192
"1420",3,2,2,4,5,0.153,0.114
"1421",3,2,2,5,1,0.181,0.371
"1422",3,2,2,5,2,0.156,0.292
"1423",3,2,2,5,3,0.149,0.237
"1424",3,2,2,5,4,0.111,0.144
"1425",3,2,2,5,5,0.071,0.0660000000000001
"1426",3,2,3,1,1,0.517,0.551
"1427",3,2,3,1,2,0.492,0.472
"1428",3,2,3,1,3,0.485,0.417
"1429",3,2,3,1,4,0.379,0.324
"1430",3,2,3,1,5,0.268,0.246
"1431",3,2,3,2,1,0.46,0.465
"1432",3,2,3,2,2,0.434,0.386
"1433",3,2,3,2,3,0.428,0.331
"1434",3,2,3,2,4,0.321,0.238
"1435",3,2,3,2,5,0.211,0.16
"1436",3,2,3,3,1,0.445,0.456
"1437",3,2,3,3,2,0.42,0.377
"1438",3,2,3,3,3,0.413,0.322
"1439",3,2,3,3,4,0.307,0.229
"1440",3,2,3,3,5,0.196,0.151
"1441",3,2,3,4,1,0.335,0.353
"1442",3,2,3,4,2,0.31,0.274
"1443",3,2,3,4,3,0.303,0.219
"1444",3,2,3,4,4,0.224,0.126
"1445",3,2,3,4,5,0.142,0.048
"1446",3,2,3,5,1,0.169,0.305
"1447",3,2,3,5,2,0.144,0.226
"1448",3,2,3,5,3,0.137,0.171
"1449",3,2,3,5,4,0.099,0.078
"1450",3,2,3,5,5,0.059,0.0000000000000000555111512312578
"1451",3,2,4,1,1,0.452,0.406
"1452",3,2,4,1,2,0.427,0.327
"1453",3,2,4,1,3,0.42,0.272
"1454",3,2,4,1,4,0.336,0.179
"1455",3,2,4,1,5,0.249,0.101
"1456",3,2,4,2,1,0.395,0.32
"1457",3,2,4,2,2,0.369,0.241
"1458",3,2,4,2,3,0.363,0.186
"1459",3,2,4,2,4,0.278,0.0930000000000001
"1460",3,2,4,2,5,0.191,0.0150000000000001
"1461",3,2,4,3,1,0.38,0.311
"1462",3,2,4,3,2,0.355,0.232
"1463",3,2,4,3,3,0.348,0.177
"1464",3,2,4,3,4,0.264,0.084
"1465",3,2,4,3,5,0.177,0.00600000000000006
"1466",3,2,4,4,1,0.288,0.208
"1467",3,2,4,4,2,0.263,0.129
"1468",3,2,4,4,3,0.256,0.0740000000000001
"1469",3,2,4,4,4,0.19,-0.0189999999999999
"1470",3,2,4,4,5,0.122,-0.0969999999999999
"1471",3,2,4,5,1,0.15,0.16
"1472",3,2,4,5,2,0.124,0.0810000000000001
"1473",3,2,4,5,3,0.118,0.0260000000000001
"1474",3,2,4,5,4,0.08,-0.0669999999999999
"1475",3,2,4,5,5,0.04,-0.145
"1476",3,2,5,1,1,0.319,0.322
"1477",3,2,5,1,2,0.294,0.243
"1478",3,2,5,1,3,0.287,0.188
"1479",3,2,5,1,4,0.249,0.0950000000000001
"1480",3,2,5,1,5,0.209,0.0170000000000001
"1481",3,2,5,2,1,0.262,0.236
"1482",3,2,5,2,2,0.236,0.157
"1483",3,2,5,2,3,0.23,0.102
"1484",3,2,5,2,4,0.191,0.00900000000000006
"1485",3,2,5,2,5,0.152,-0.0689999999999999
"1486",3,2,5,3,1,0.247,0.227
"1487",3,2,5,3,2,0.222,0.148
"1488",3,2,5,3,3,0.215,0.0930000000000001
"1489",3,2,5,3,4,0.177,0.0000000000000000555111512312578
"1490",3,2,5,3,5,0.137,-0.0779999999999999
"1491",3,2,5,4,1,0.193,0.124
"1492",3,2,5,4,2,0.167,0.0450000000000001
"1493",3,2,5,4,3,0.161,-0.00999999999999995
"1494",3,2,5,4,4,0.122,-0.103
"1495",3,2,5,4,5,0.083,-0.181
"1496",3,2,5,5,1,0.11,0.0760000000000001
"1497",3,2,5,5,2,0.085,-0.00299999999999993
"1498",3,2,5,5,3,0.078,-0.0579999999999999
"1499",3,2,5,5,4,0.04,-0.151
"1500",3,2,5,5,5,0,-0.229
"1501",3,3,1,1,1,0.556,0.668
"1502",3,3,1,1,2,0.531,0.589
"1503",3,3,1,1,3,0.524,0.534
"1504",3,3,1,1,4,0.418,0.441
"1505",3,3,1,1,5,0.307,0.363
"1506",3,3,1,2,1,0.498,0.582
"1507",3,3,1,2,2,0.473,0.503
"1508",3,3,1,2,3,0.466,0.448
"1509",3,3,1,2,4,0.36,0.355
"1510",3,3,1,2,5,0.249,0.277
"1511",3,3,1,3,1,0.484,0.573
"1512",3,3,1,3,2,0.459,0.494
"1513",3,3,1,3,3,0.452,0.439
"1514",3,3,1,3,4,0.346,0.346
"1515",3,3,1,3,5,0.235,0.268
"1516",3,3,1,4,1,0.374,0.47
"1517",3,3,1,4,2,0.348,0.391
"1518",3,3,1,4,3,0.342,0.336
"1519",3,3,1,4,4,0.263,0.243
"1520",3,3,1,4,5,0.18,0.165
"1521",3,3,1,5,1,0.208,0.422
"1522",3,3,1,5,2,0.183,0.343
"1523",3,3,1,5,3,0.176,0.288
"1524",3,3,1,5,4,0.138,0.195
"1525",3,3,1,5,5,0.098,0.117
"1526",3,3,2,1,1,0.509,0.578
"1527",3,3,2,1,2,0.483,0.499
"1528",3,3,2,1,3,0.477,0.444
"1529",3,3,2,1,4,0.37,0.351
"1530",3,3,2,1,5,0.26,0.273
"1531",3,3,2,2,1,0.451,0.492
"1532",3,3,2,2,2,0.426,0.413
"1533",3,3,2,2,3,0.419,0.358
"1534",3,3,2,2,4,0.313,0.265
"1535",3,3,2,2,5,0.202,0.187
"1536",3,3,2,3,1,0.437,0.483
"1537",3,3,2,3,2,0.411,0.404
"1538",3,3,2,3,3,0.405,0.349
"1539",3,3,2,3,4,0.298,0.256
"1540",3,3,2,3,5,0.188,0.178
"1541",3,3,2,4,1,0.326,0.38
"1542",3,3,2,4,2,0.301,0.301
"1543",3,3,2,4,3,0.294,0.246
"1544",3,3,2,4,4,0.215,0.153
"1545",3,3,2,4,5,0.133,0.0750000000000001
"1546",3,3,2,5,1,0.161,0.332
"1547",3,3,2,5,2,0.135,0.253
"1548",3,3,2,5,3,0.129,0.198
"1549",3,3,2,5,4,0.09,0.105
"1550",3,3,2,5,5,0.051,0.0270000000000001
"1551",3,3,3,1,1,0.497,0.512
"1552",3,3,3,1,2,0.472,0.433
"1553",3,3,3,1,3,0.465,0.378
"1554",3,3,3,1,4,0.359,0.285
"1555",3,3,3,1,5,0.248,0.207
"1556",3,3,3,2,1,0.439,0.426
"1557",3,3,3,2,2,0.414,0.347
"1558",3,3,3,2,3,0.407,0.292
"1559",3,3,3,2,4,0.301,0.199
"1560",3,3,3,2,5,0.19,0.121
"1561",3,3,3,3,1,0.425,0.417
"1562",3,3,3,3,2,0.4,0.338
"1563",3,3,3,3,3,0.393,0.283
"1564",3,3,3,3,4,0.287,0.19
"1565",3,3,3,3,5,0.176,0.112
"1566",3,3,3,4,1,0.315,0.314
"1567",3,3,3,4,2,0.289,0.235
"1568",3,3,3,4,3,0.283,0.18
"1569",3,3,3,4,4,0.204,0.087
"1570",3,3,3,4,5,0.121,0.00900000000000001
"1571",3,3,3,5,1,0.149,0.266
"1572",3,3,3,5,2,0.124,0.187
"1573",3,3,3,5,3,0.117,0.132
"1574",3,3,3,5,4,0.079,0.039
"1575",3,3,3,5,5,0.039,-0.039
"1576",3,3,4,1,1,0.432,0.367
"1577",3,3,4,1,2,0.407,0.288
"1578",3,3,4,1,3,0.4,0.233
"1579",3,3,4,1,4,0.316,0.14
"1580",3,3,4,1,5,0.229,0.0620000000000001
"1581",3,3,4,2,1,0.374,0.281
"1582",3,3,4,2,2,0.349,0.202
"1583",3,3,4,2,3,0.342,0.147
"1584",3,3,4,2,4,0.258,0.054
"1585",3,3,4,2,5,0.171,-0.024
"1586",3,3,4,3,1,0.36,0.272
"1587",3,3,4,3,2,0.335,0.193
"1588",3,3,4,3,3,0.328,0.138
"1589",3,3,4,3,4,0.244,0.045
"1590",3,3,4,3,5,0.157,-0.033
"1591",3,3,4,4,1,0.268,0.169
"1592",3,3,4,4,2,0.243,0.09
"1593",3,3,4,4,3,0.236,0.035
"1594",3,3,4,4,4,0.17,-0.058
"1595",3,3,4,4,5,0.102,-0.136
"1596",3,3,4,5,1,0.13,0.121
"1597",3,3,4,5,2,0.104,0.0420000000000001
"1598",3,3,4,5,3,0.098,-0.013
"1599",3,3,4,5,4,0.059,-0.106
"1600",3,3,4,5,5,0.02,-0.184
"1601",3,3,5,1,1,0.299,0.283
"1602",3,3,5,1,2,0.274,0.204
"1603",3,3,5,1,3,0.267,0.149
"1604",3,3,5,1,4,0.229,0.056
"1605",3,3,5,1,5,0.189,-0.022
"1606",3,3,5,2,1,0.241,0.197
"1607",3,3,5,2,2,0.216,0.118
"1608",3,3,5,2,3,0.209,0.063
"1609",3,3,5,2,4,0.171,-0.03
"1610",3,3,5,2,5,0.131,-0.108
"1611",3,3,5,3,1,0.227,0.188
"1612",3,3,5,3,2,0.202,0.109
"1613",3,3,5,3,3,0.195,0.054
"1614",3,3,5,3,4,0.157,-0.039
"1615",3,3,5,3,5,0.117,-0.117
"1616",3,3,5,4,1,0.172,0.085
"1617",3,3,5,4,2,0.147,0.00600000000000002
"1618",3,3,5,4,3,0.14,-0.049
"1619",3,3,5,4,4,0.102,-0.142
"1620",3,3,5,4,5,0.062,-0.22
"1621",3,3,5,5,1,0.09,0.037
"1622",3,3,5,5,2,0.065,-0.042
"1623",3,3,5,5,3,0.058,-0.097
"1624",3,3,5,5,4,0.02,-0.19
"1625",3,3,5,5,5,-0.02,-0.268
"1626",3,4,1,1,1,0.493,0.56
"1627",3,4,1,1,2,0.467,0.481
"1628",3,4,1,1,3,0.461,0.426
"1629",3,4,1,1,4,0.371,0.333
"1630",3,4,1,1,5,0.278,0.255
"1631",3,4,1,2,1,0.435,0.474
"1632",3,4,1,2,2,0.41,0.395
"1633",3,4,1,2,3,0.403,0.34
"1634",3,4,1,2,4,0.313,0.247
"1635",3,4,1,2,5,0.22,0.169
"1636",3,4,1,3,1,0.421,0.465
"1637",3,4,1,3,2,0.395,0.386
"1638",3,4,1,3,3,0.389,0.331
"1639",3,4,1,3,4,0.299,0.238
"1640",3,4,1,3,5,0.206,0.16
"1641",3,4,1,4,1,0.324,0.362
"1642",3,4,1,4,2,0.299,0.283
"1643",3,4,1,4,3,0.292,0.228
"1644",3,4,1,4,4,0.223,0.135
"1645",3,4,1,4,5,0.151,0.0570000000000001
"1646",3,4,1,5,1,0.179,0.314
"1647",3,4,1,5,2,0.153,0.235
"1648",3,4,1,5,3,0.147,0.18
"1649",3,4,1,5,4,0.108,0.087
"1650",3,4,1,5,5,0.069,0.00900000000000006
"1651",3,4,2,1,1,0.445,0.47
"1652",3,4,2,1,2,0.42,0.391
"1653",3,4,2,1,3,0.413,0.336
"1654",3,4,2,1,4,0.324,0.243
"1655",3,4,2,1,5,0.23,0.165
"1656",3,4,2,2,1,0.388,0.384
"1657",3,4,2,2,2,0.362,0.305
"1658",3,4,2,2,3,0.356,0.25
"1659",3,4,2,2,4,0.266,0.157
"1660",3,4,2,2,5,0.173,0.0790000000000001
"1661",3,4,2,3,1,0.373,0.375
"1662",3,4,2,3,2,0.348,0.296
"1663",3,4,2,3,3,0.341,0.241
"1664",3,4,2,3,4,0.252,0.148
"1665",3,4,2,3,5,0.158,0.0700000000000001
"1666",3,4,2,4,1,0.277,0.272
"1667",3,4,2,4,2,0.251,0.193
"1668",3,4,2,4,3,0.245,0.138
"1669",3,4,2,4,4,0.175,0.0450000000000001
"1670",3,4,2,4,5,0.104,-0.0329999999999999
"1671",3,4,2,5,1,0.131,0.224
"1672",3,4,2,5,2,0.106,0.145
"1673",3,4,2,5,3,0.099,0.0900000000000001
"1674",3,4,2,5,4,0.061,-0.00299999999999992
"1675",3,4,2,5,5,0.021,-0.0809999999999999
"1676",3,4,3,1,1,0.434,0.404
"1677",3,4,3,1,2,0.408,0.325
"1678",3,4,3,1,3,0.402,0.27
"1679",3,4,3,1,4,0.312,0.177
"1680",3,4,3,1,5,0.219,0.099
"1681",3,4,3,2,1,0.376,0.318
"1682",3,4,3,2,2,0.351,0.239
"1683",3,4,3,2,3,0.344,0.184
"1684",3,4,3,2,4,0.254,0.0910000000000001
"1685",3,4,3,2,5,0.161,0.0130000000000001
"1686",3,4,3,3,1,0.362,0.309
"1687",3,4,3,3,2,0.336,0.23
"1688",3,4,3,3,3,0.33,0.175
"1689",3,4,3,3,4,0.24,0.082
"1690",3,4,3,3,5,0.147,0.00400000000000006
"1691",3,4,3,4,1,0.265,0.206
"1692",3,4,3,4,2,0.24,0.127
"1693",3,4,3,4,3,0.233,0.072
"1694",3,4,3,4,4,0.164,-0.021
"1695",3,4,3,4,5,0.092,-0.099
"1696",3,4,3,5,1,0.12,0.158
"1697",3,4,3,5,2,0.094,0.079
"1698",3,4,3,5,3,0.088,0.024
"1699",3,4,3,5,4,0.049,-0.069
"1700",3,4,3,5,5,0.01,-0.147
"1701",3,4,4,1,1,0.38,0.259
"1702",3,4,4,1,2,0.354,0.18
"1703",3,4,4,1,3,0.348,0.125
"1704",3,4,4,1,4,0.275,0.0320000000000001
"1705",3,4,4,1,5,0.199,-0.0459999999999999
"1706",3,4,4,2,1,0.322,0.173
"1707",3,4,4,2,2,0.297,0.0940000000000001
"1708",3,4,4,2,3,0.29,0.0390000000000001
"1709",3,4,4,2,4,0.217,-0.0539999999999999
"1710",3,4,4,2,5,0.142,-0.132
"1711",3,4,4,3,1,0.308,0.164
"1712",3,4,4,3,2,0.282,0.0850000000000001
"1713",3,4,4,3,3,0.276,0.0300000000000001
"1714",3,4,4,3,4,0.203,-0.0629999999999999
"1715",3,4,4,3,5,0.127,-0.141
"1716",3,4,4,4,1,0.225,0.0610000000000001
"1717",3,4,4,4,2,0.2,-0.0179999999999999
"1718",3,4,4,4,3,0.193,-0.073
"1719",3,4,4,4,4,0.134,-0.166
"1720",3,4,4,4,5,0.072,-0.244
"1721",3,4,4,5,1,0.1,0.0130000000000001
"1722",3,4,4,5,2,0.075,-0.0659999999999999
"1723",3,4,4,5,3,0.068,-0.121
"1724",3,4,4,5,4,0.03,-0.214
"1725",3,4,4,5,5,-0.01,-0.292
"1726",3,4,5,1,1,0.27,0.175
"1727",3,4,5,1,2,0.244,0.096
"1728",3,4,5,1,3,0.238,0.041
"1729",3,4,5,1,4,0.199,-0.052
"1730",3,4,5,1,5,0.16,-0.13
"1731",3,4,5,2,1,0.212,0.0890000000000001
"1732",3,4,5,2,2,0.187,0.0100000000000001
"1733",3,4,5,2,3,0.18,-0.045
"1734",3,4,5,2,4,0.142,-0.138
"1735",3,4,5,2,5,0.102,-0.216
"1736",3,4,5,3,1,0.198,0.08
"1737",3,4,5,3,2,0.172,0.00100000000000004
"1738",3,4,5,3,3,0.166,-0.054
"1739",3,4,5,3,4,0.127,-0.147
"1740",3,4,5,3,5,0.088,-0.225
"1741",3,4,5,4,1,0.143,-0.023
"1742",3,4,5,4,2,0.117,-0.102
"1743",3,4,5,4,3,0.111,-0.157
"1744",3,4,5,4,4,0.073,-0.25
"1745",3,4,5,4,5,0.033,-0.328
"1746",3,4,5,5,1,0.061,-0.071
"1747",3,4,5,5,2,0.035,-0.15
"1748",3,4,5,5,3,0.029,-0.205
"1749",3,4,5,5,4,-0.01,-0.298
"1750",3,4,5,5,5,-0.049,-0.376
"1751",3,5,1,1,1,0.296,0.492
"1752",3,5,1,1,2,0.271,0.413
"1753",3,5,1,1,3,0.264,0.358
"1754",3,5,1,1,4,0.226,0.265
"1755",3,5,1,1,5,0.186,0.187
"1756",3,5,1,2,1,0.238,0.406
"1757",3,5,1,2,2,0.213,0.327
"1758",3,5,1,2,3,0.206,0.272
"1759",3,5,1,2,4,0.168,0.179
"1760",3,5,1,2,5,0.128,0.101
"1761",3,5,1,3,1,0.224,0.397
"1762",3,5,1,3,2,0.199,0.318
"1763",3,5,1,3,3,0.192,0.263
"1764",3,5,1,3,4,0.154,0.17
"1765",3,5,1,3,5,0.114,0.092
"1766",3,5,1,4,1,0.169,0.294
"1767",3,5,1,4,2,0.144,0.215
"1768",3,5,1,4,3,0.137,0.16
"1769",3,5,1,4,4,0.099,0.067
"1770",3,5,1,4,5,0.059,-0.011
"1771",3,5,1,5,1,0.087,0.246
"1772",3,5,1,5,2,0.062,0.167
"1773",3,5,1,5,3,0.055,0.112
"1774",3,5,1,5,4,0.017,0.019
"1775",3,5,1,5,5,-0.023,-0.0589999999999999
"1776",3,5,2,1,1,0.249,0.402
"1777",3,5,2,1,2,0.223,0.323
"1778",3,5,2,1,3,0.217,0.268
"1779",3,5,2,1,4,0.178,0.175
"1780",3,5,2,1,5,0.139,0.097
"1781",3,5,2,2,1,0.191,0.316
"1782",3,5,2,2,2,0.166,0.237
"1783",3,5,2,2,3,0.159,0.182
"1784",3,5,2,2,4,0.121,0.0890000000000001
"1785",3,5,2,2,5,0.081,0.0110000000000001
"1786",3,5,2,3,1,0.177,0.307
"1787",3,5,2,3,2,0.151,0.228
"1788",3,5,2,3,3,0.145,0.173
"1789",3,5,2,3,4,0.106,0.08
"1790",3,5,2,3,5,0.067,0.00200000000000006
"1791",3,5,2,4,1,0.122,0.204
"1792",3,5,2,4,2,0.097,0.125
"1793",3,5,2,4,3,0.09,0.07
"1794",3,5,2,4,4,0.052,-0.023
"1795",3,5,2,4,5,0.012,-0.101
"1796",3,5,2,5,1,0.04,0.156
"1797",3,5,2,5,2,0.014,0.077
"1798",3,5,2,5,3,0.008,0.022
"1799",3,5,2,5,4,-0.031,-0.071
"1800",3,5,2,5,5,-0.07,-0.149
"1801",3,5,3,1,1,0.237,0.336
"1802",3,5,3,1,2,0.212,0.257
"1803",3,5,3,1,3,0.205,0.202
"1804",3,5,3,1,4,0.167,0.109
"1805",3,5,3,1,5,0.127,0.0310000000000001
"1806",3,5,3,2,1,0.179,0.25
"1807",3,5,3,2,2,0.154,0.171
"1808",3,5,3,2,3,0.147,0.116
"1809",3,5,3,2,4,0.109,0.0230000000000001
"1810",3,5,3,2,5,0.069,-0.0549999999999999
"1811",3,5,3,3,1,0.165,0.241
"1812",3,5,3,3,2,0.14,0.162
"1813",3,5,3,3,3,0.133,0.107
"1814",3,5,3,3,4,0.095,0.0140000000000001
"1815",3,5,3,3,5,0.055,-0.0639999999999999
"1816",3,5,3,4,1,0.11,0.138
"1817",3,5,3,4,2,0.085,0.0590000000000001
"1818",3,5,3,4,3,0.078,0.00400000000000006
"1819",3,5,3,4,4,0.04,-0.0889999999999999
"1820",3,5,3,4,5,0,-0.167
"1821",3,5,3,5,1,0.028,0.0900000000000001
"1822",3,5,3,5,2,0.003,0.0110000000000001
"1823",3,5,3,5,3,-0.004,-0.0439999999999999
"1824",3,5,3,5,4,-0.042,-0.137
"1825",3,5,3,5,5,-0.082,-0.215
"1826",3,5,4,1,1,0.218,0.191
"1827",3,5,4,1,2,0.192,0.112
"1828",3,5,4,1,3,0.186,0.0570000000000001
"1829",3,5,4,1,4,0.147,-0.0359999999999999
"1830",3,5,4,1,5,0.108,-0.114
"1831",3,5,4,2,1,0.16,0.105
"1832",3,5,4,2,2,0.135,0.0260000000000001
"1833",3,5,4,2,3,0.128,-0.0289999999999999
"1834",3,5,4,2,4,0.09,-0.122
"1835",3,5,4,2,5,0.05,-0.2
"1836",3,5,4,3,1,0.146,0.0960000000000001
"1837",3,5,4,3,2,0.12,0.0170000000000001
"1838",3,5,4,3,3,0.114,-0.038
"1839",3,5,4,3,4,0.075,-0.131
"1840",3,5,4,3,5,0.036,-0.209
"1841",3,5,4,4,1,0.091,-0.00699999999999995
"1842",3,5,4,4,2,0.066,-0.086
"1843",3,5,4,4,3,0.059,-0.141
"1844",3,5,4,4,4,0.021,-0.234
"1845",3,5,4,4,5,-0.019,-0.312
"1846",3,5,4,5,1,0.009,-0.0549999999999999
"1847",3,5,4,5,2,-0.017,-0.134
"1848",3,5,4,5,3,-0.023,-0.189
"1849",3,5,4,5,4,-0.062,-0.282
"1850",3,5,4,5,5,-0.101,-0.36
"1851",3,5,5,1,1,0.178,0.107
"1852",3,5,5,1,2,0.153,0.028
"1853",3,5,5,1,3,0.146,-0.027
"1854",3,5,5,1,4,0.108,-0.12
"1855",3,5,5,1,5,0.068,-0.198
"1856",3,5,5,2,1,0.12,0.021
"1857",3,5,5,2,2,0.095,-0.058
"1858",3,5,5,2,3,0.088,-0.113
"1859",3,5,5,2,4,0.05,-0.206
"1860",3,5,5,2,5,0.01,-0.284
"1861",3,5,5,3,1,0.106,0.012
"1862",3,5,5,3,2,0.081,-0.067
"1863",3,5,5,3,3,0.074,-0.122
"1864",3,5,5,3,4,0.036,-0.215
"1865",3,5,5,3,5,-0.004,-0.293
"1866",3,5,5,4,1,0.051,-0.091
"1867",3,5,5,4,2,0.026,-0.17
"1868",3,5,5,4,3,0.019,-0.225
"1869",3,5,5,4,4,-0.019,-0.318
"1870",3,5,5,4,5,-0.059,-0.396
"1871",3,5,5,5,1,-0.031,-0.139
"1872",3,5,5,5,2,-0.056,-0.218
"1873",3,5,5,5,3,-0.063,-0.273
"1874",3,5,5,5,4,-0.101,-0.366
"1875",3,5,5,5,5,-0.141,-0.444
"1876",4,1,1,1,1,0.645,0.59
"1877",4,1,1,1,2,0.619,0.511
"1878",4,1,1,1,3,0.613,0.456
"1879",4,1,1,1,4,0.511,0.363
"1880",4,1,1,1,5,0.406,0.285
"1881",4,1,1,2,1,0.587,0.504
"1882",4,1,1,2,2,0.561,0.425
"1883",4,1,1,2,3,0.555,0.37
"1884",4,1,1,2,4,0.453,0.277
"1885",4,1,1,2,5,0.348,0.199
"1886",4,1,1,3,1,0.573,0.495
"1887",4,1,1,3,2,0.547,0.416
"1888",4,1,1,3,3,0.541,0.361
"1889",4,1,1,3,4,0.439,0.268
"1890",4,1,1,3,5,0.334,0.19
"1891",4,1,1,4,1,0.466,0.392
"1892",4,1,1,4,2,0.441,0.313
"1893",4,1,1,4,3,0.434,0.258
"1894",4,1,1,4,4,0.358,0.165
"1895",4,1,1,4,5,0.279,0.0870000000000001
"1896",4,1,1,5,1,0.307,0.344
"1897",4,1,1,5,2,0.281,0.265
"1898",4,1,1,5,3,0.275,0.21
"1899",4,1,1,5,4,0.236,0.117
"1900",4,1,1,5,5,0.197,0.0390000000000001
"1901",4,1,2,1,1,0.597,0.5
"1902",4,1,2,1,2,0.572,0.421
"1903",4,1,2,1,3,0.565,0.366
"1904",4,1,2,1,4,0.464,0.273
"1905",4,1,2,1,5,0.358,0.195
"1906",4,1,2,2,1,0.54,0.414
"1907",4,1,2,2,2,0.514,0.335
"1908",4,1,2,2,3,0.508,0.28
"1909",4,1,2,2,4,0.406,0.187
"1910",4,1,2,2,5,0.301,0.109
"1911",4,1,2,3,1,0.525,0.405
"1912",4,1,2,3,2,0.5,0.326
"1913",4,1,2,3,3,0.493,0.271
"1914",4,1,2,3,4,0.392,0.178
"1915",4,1,2,3,5,0.286,0.1
"1916",4,1,2,4,1,0.419,0.302
"1917",4,1,2,4,2,0.394,0.223
"1918",4,1,2,4,3,0.387,0.168
"1919",4,1,2,4,4,0.311,0.0750000000000001
"1920",4,1,2,4,5,0.232,-0.00299999999999989
"1921",4,1,2,5,1,0.259,0.254
"1922",4,1,2,5,2,0.234,0.175
"1923",4,1,2,5,3,0.227,0.12
"1924",4,1,2,5,4,0.189,0.0270000000000001
"1925",4,1,2,5,5,0.149,-0.0509999999999999
"1926",4,1,3,1,1,0.586,0.434
"1927",4,1,3,1,2,0.56,0.355
"1928",4,1,3,1,3,0.554,0.3
"1929",4,1,3,1,4,0.452,0.207
"1930",4,1,3,1,5,0.347,0.129
"1931",4,1,3,2,1,0.528,0.348
"1932",4,1,3,2,2,0.502,0.269
"1933",4,1,3,2,3,0.496,0.214
"1934",4,1,3,2,4,0.394,0.121
"1935",4,1,3,2,5,0.289,0.0430000000000001
"1936",4,1,3,3,1,0.514,0.339
"1937",4,1,3,3,2,0.488,0.26
"1938",4,1,3,3,3,0.482,0.205
"1939",4,1,3,3,4,0.38,0.112
"1940",4,1,3,3,5,0.275,0.0340000000000001
"1941",4,1,3,4,1,0.407,0.236
"1942",4,1,3,4,2,0.382,0.157
"1943",4,1,3,4,3,0.375,0.102
"1944",4,1,3,4,4,0.299,0.00900000000000004
"1945",4,1,3,4,5,0.22,-0.069
"1946",4,1,3,5,1,0.248,0.188
"1947",4,1,3,5,2,0.222,0.109
"1948",4,1,3,5,3,0.216,0.054
"1949",4,1,3,5,4,0.177,-0.039
"1950",4,1,3,5,5,0.138,-0.117
"1951",4,1,4,1,1,0.524,0.289
"1952",4,1,4,1,2,0.498,0.21
"1953",4,1,4,1,3,0.492,0.155
"1954",4,1,4,1,4,0.411,0.0620000000000001
"1955",4,1,4,1,5,0.327,-0.0159999999999999
"1956",4,1,4,2,1,0.466,0.203
"1957",4,1,4,2,2,0.441,0.124
"1958",4,1,4,2,3,0.434,0.0690000000000001
"1959",4,1,4,2,4,0.353,-0.0239999999999999
"1960",4,1,4,2,5,0.27,-0.102
"1961",4,1,4,3,1,0.452,0.194
"1962",4,1,4,3,2,0.426,0.115
"1963",4,1,4,3,3,0.42,0.0600000000000001
"1964",4,1,4,3,4,0.339,-0.0329999999999999
"1965",4,1,4,3,5,0.255,-0.111
"1966",4,1,4,4,1,0.362,0.0910000000000001
"1967",4,1,4,4,2,0.337,0.0120000000000001
"1968",4,1,4,4,3,0.33,-0.0429999999999999
"1969",4,1,4,4,4,0.267,-0.136
"1970",4,1,4,4,5,0.2,-0.214
"1971",4,1,4,5,1,0.228,0.0430000000000001
"1972",4,1,4,5,2,0.203,-0.0359999999999999
"1973",4,1,4,5,3,0.196,-0.0909999999999999
"1974",4,1,4,5,4,0.158,-0.184
"1975",4,1,4,5,5,0.118,-0.262
"1976",4,1,5,1,1,0.398,0.205
"1977",4,1,5,1,2,0.372,0.126
"1978",4,1,5,1,3,0.366,0.0710000000000001
"1979",4,1,5,1,4,0.327,-0.0219999999999999
"1980",4,1,5,1,5,0.288,-0.0999999999999999
"1981",4,1,5,2,1,0.34,0.119
"1982",4,1,5,2,2,0.315,0.0400000000000001
"1983",4,1,5,2,3,0.308,-0.0149999999999999
"1984",4,1,5,2,4,0.27,-0.108
"1985",4,1,5,2,5,0.23,-0.186
"1986",4,1,5,3,1,0.326,0.11
"1987",4,1,5,3,2,0.3,0.0310000000000001
"1988",4,1,5,3,3,0.294,-0.0239999999999999
"1989",4,1,5,3,4,0.255,-0.117
"1990",4,1,5,3,5,0.216,-0.195
"1991",4,1,5,4,1,0.271,0.00700000000000006
"1992",4,1,5,4,2,0.245,-0.0719999999999999
"1993",4,1,5,4,3,0.239,-0.127
"1994",4,1,5,4,4,0.201,-0.22
"1995",4,1,5,4,5,0.161,-0.298
"1996",4,1,5,5,1,0.189,-0.0409999999999999
"1997",4,1,5,5,2,0.163,-0.12
"1998",4,1,5,5,3,0.157,-0.175
"1999",4,1,5,5,4,0.118,-0.268
"2000",4,1,5,5,5,0.079,-0.346
"2001",4,2,1,1,1,0.544,0.489
"2002",4,2,1,1,2,0.518,0.41
"2003",4,2,1,1,3,0.512,0.355
"2004",4,2,1,1,4,0.41,0.262
"2005",4,2,1,1,5,0.305,0.184
"2006",4,2,1,2,1,0.486,0.403
"2007",4,2,1,2,2,0.461,0.324
"2008",4,2,1,2,3,0.454,0.269
"2009",4,2,1,2,4,0.353,0.176
"2010",4,2,1,2,5,0.247,0.0980000000000001
"2011",4,2,1,3,1,0.472,0.394
"2012",4,2,1,3,2,0.446,0.315
"2013",4,2,1,3,3,0.44,0.26
"2014",4,2,1,3,4,0.338,0.167
"2015",4,2,1,3,5,0.233,0.0890000000000001
"2016",4,2,1,4,1,0.366,0.291
"2017",4,2,1,4,2,0.34,0.212
"2018",4,2,1,4,3,0.334,0.157
"2019",4,2,1,4,4,0.257,0.0640000000000001
"2020",4,2,1,4,5,0.178,-0.0139999999999999
"2021",4,2,1,5,1,0.206,0.243
"2022",4,2,1,5,2,0.18,0.164
"2023",4,2,1,5,3,0.174,0.109
"2024",4,2,1,5,4,0.136,0.0160000000000001
"2025",4,2,1,5,5,0.096,-0.0619999999999999
"2026",4,2,2,1,1,0.496,0.399
"2027",4,2,2,1,2,0.471,0.32
"2028",4,2,2,1,3,0.464,0.265
"2029",4,2,2,1,4,0.363,0.172
"2030",4,2,2,1,5,0.257,0.0940000000000001
"2031",4,2,2,2,1,0.439,0.313
"2032",4,2,2,2,2,0.413,0.234
"2033",4,2,2,2,3,0.407,0.179
"2034",4,2,2,2,4,0.305,0.0860000000000002
"2035",4,2,2,2,5,0.2,0.00800000000000017
"2036",4,2,2,3,1,0.424,0.304
"2037",4,2,2,3,2,0.399,0.225
"2038",4,2,2,3,3,0.392,0.17
"2039",4,2,2,3,4,0.291,0.0770000000000002
"2040",4,2,2,3,5,0.185,-0.000999999999999834
"2041",4,2,2,4,1,0.318,0.201
"2042",4,2,2,4,2,0.293,0.122
"2043",4,2,2,4,3,0.286,0.0670000000000001
"2044",4,2,2,4,4,0.21,-0.0259999999999999
"2045",4,2,2,4,5,0.131,-0.104
"2046",4,2,2,5,1,0.158,0.153
"2047",4,2,2,5,2,0.133,0.0740000000000001
"2048",4,2,2,5,3,0.126,0.0190000000000001
"2049",4,2,2,5,4,0.088,-0.0739999999999999
"2050",4,2,2,5,5,0.048,-0.152
"2051",4,2,3,1,1,0.485,0.333
"2052",4,2,3,1,2,0.459,0.254
"2053",4,2,3,1,3,0.453,0.199
"2054",4,2,3,1,4,0.351,0.106
"2055",4,2,3,1,5,0.246,0.0280000000000001
"2056",4,2,3,2,1,0.427,0.247
"2057",4,2,3,2,2,0.402,0.168
"2058",4,2,3,2,3,0.395,0.113
"2059",4,2,3,2,4,0.294,0.0200000000000001
"2060",4,2,3,2,5,0.188,-0.0579999999999999
"2061",4,2,3,3,1,0.413,0.238
"2062",4,2,3,3,2,0.387,0.159
"2063",4,2,3,3,3,0.381,0.104
"2064",4,2,3,3,4,0.279,0.0110000000000001
"2065",4,2,3,3,5,0.174,-0.0669999999999999
"2066",4,2,3,4,1,0.307,0.135
"2067",4,2,3,4,2,0.281,0.0560000000000001
"2068",4,2,3,4,3,0.275,0.00100000000000006
"2069",4,2,3,4,4,0.198,-0.0919999999999999
"2070",4,2,3,4,5,0.119,-0.17
"2071",4,2,3,5,1,0.147,0.0870000000000001
"2072",4,2,3,5,2,0.121,0.00800000000000008
"2073",4,2,3,5,3,0.115,-0.0469999999999999
"2074",4,2,3,5,4,0.077,-0.14
"2075",4,2,3,5,5,0.037,-0.218
"2076",4,2,4,1,1,0.423,0.188
"2077",4,2,4,1,2,0.398,0.109
"2078",4,2,4,1,3,0.391,0.0540000000000001
"2079",4,2,4,1,4,0.31,-0.0389999999999999
"2080",4,2,4,1,5,0.226,-0.117
"2081",4,2,4,2,1,0.365,0.102
"2082",4,2,4,2,2,0.34,0.0230000000000001
"2083",4,2,4,2,3,0.333,-0.0319999999999999
"2084",4,2,4,2,4,0.253,-0.125
"2085",4,2,4,2,5,0.169,-0.203
"2086",4,2,4,3,1,0.351,0.0930000000000001
"2087",4,2,4,3,2,0.326,0.0140000000000001
"2088",4,2,4,3,3,0.319,-0.0409999999999999
"2089",4,2,4,3,4,0.238,-0.134
"2090",4,2,4,3,5,0.154,-0.212
"2091",4,2,4,4,1,0.262,-0.0099999999999999
"2092",4,2,4,4,2,0.236,-0.0889999999999999
"2093",4,2,4,4,3,0.23,-0.144
"2094",4,2,4,4,4,0.166,-0.237
"2095",4,2,4,4,5,0.1,-0.315
"2096",4,2,4,5,1,0.127,-0.0579999999999999
"2097",4,2,4,5,2,0.102,-0.137
"2098",4,2,4,5,3,0.095,-0.192
"2099",4,2,4,5,4,0.057,-0.285
"2100",4,2,4,5,5,0.017,-0.363
"2101",4,2,5,1,1,0.297,0.104
"2102",4,2,5,1,2,0.271,0.0250000000000001
"2103",4,2,5,1,3,0.265,-0.0299999999999999
"2104",4,2,5,1,4,0.227,-0.123
"2105",4,2,5,1,5,0.187,-0.201
"2106",4,2,5,2,1,0.239,0.0180000000000001
"2107",4,2,5,2,2,0.214,-0.0609999999999999
"2108",4,2,5,2,3,0.207,-0.116
"2109",4,2,5,2,4,0.169,-0.209
"2110",4,2,5,2,5,0.129,-0.287
"2111",4,2,5,3,1,0.225,0.00900000000000009
"2112",4,2,5,3,2,0.199,-0.0699999999999999
"2113",4,2,5,3,3,0.193,-0.125
"2114",4,2,5,3,4,0.155,-0.218
"2115",4,2,5,3,5,0.115,-0.296
"2116",4,2,5,4,1,0.17,-0.0939999999999999
"2117",4,2,5,4,2,0.145,-0.173
"2118",4,2,5,4,3,0.138,-0.228
"2119",4,2,5,4,4,0.1,-0.321
"2120",4,2,5,4,5,0.06,-0.399
"2121",4,2,5,5,1,0.088,-0.142
"2122",4,2,5,5,2,0.062,-0.221
"2123",4,2,5,5,3,0.056,-0.276
"2124",4,2,5,5,4,0.018,-0.369
"2125",4,2,5,5,5,-0.022,-0.447
"2126",4,3,1,1,1,0.524,0.45
"2127",4,3,1,1,2,0.498,0.371
"2128",4,3,1,1,3,0.492,0.316
"2129",4,3,1,1,4,0.39,0.223
"2130",4,3,1,1,5,0.285,0.145
"2131",4,3,1,2,1,0.466,0.364
"2132",4,3,1,2,2,0.44,0.285
"2133",4,3,1,2,3,0.434,0.23
"2134",4,3,1,2,4,0.332,0.137
"2135",4,3,1,2,5,0.227,0.0590000000000001
"2136",4,3,1,3,1,0.452,0.355
"2137",4,3,1,3,2,0.426,0.276
"2138",4,3,1,3,3,0.42,0.221
"2139",4,3,1,3,4,0.318,0.128
"2140",4,3,1,3,5,0.213,0.0500000000000001
"2141",4,3,1,4,1,0.345,0.252
"2142",4,3,1,4,2,0.32,0.173
"2143",4,3,1,4,3,0.313,0.118
"2144",4,3,1,4,4,0.237,0.025
"2145",4,3,1,4,5,0.158,-0.0529999999999999
"2146",4,3,1,5,1,0.186,0.204
"2147",4,3,1,5,2,0.16,0.125
"2148",4,3,1,5,3,0.154,0.0700000000000001
"2149",4,3,1,5,4,0.115,-0.0229999999999999
"2150",4,3,1,5,5,0.076,-0.101
"2151",4,3,2,1,1,0.476,0.36
"2152",4,3,2,1,2,0.451,0.281
"2153",4,3,2,1,3,0.444,0.226
"2154",4,3,2,1,4,0.343,0.133
"2155",4,3,2,1,5,0.237,0.0550000000000001
"2156",4,3,2,2,1,0.419,0.274
"2157",4,3,2,2,2,0.393,0.195
"2158",4,3,2,2,3,0.387,0.14
"2159",4,3,2,2,4,0.285,0.0470000000000001
"2160",4,3,2,2,5,0.18,-0.0309999999999999
"2161",4,3,2,3,1,0.404,0.265
"2162",4,3,2,3,2,0.379,0.186
"2163",4,3,2,3,3,0.372,0.131
"2164",4,3,2,3,4,0.271,0.0380000000000001
"2165",4,3,2,3,5,0.165,-0.0399999999999999
"2166",4,3,2,4,1,0.298,0.162
"2167",4,3,2,4,2,0.273,0.0830000000000001
"2168",4,3,2,4,3,0.266,0.0280000000000001
"2169",4,3,2,4,4,0.19,-0.0649999999999999
"2170",4,3,2,4,5,0.111,-0.143
"2171",4,3,2,5,1,0.138,0.114
"2172",4,3,2,5,2,0.113,0.0350000000000001
"2173",4,3,2,5,3,0.106,-0.0199999999999999
"2174",4,3,2,5,4,0.068,-0.113
"2175",4,3,2,5,5,0.028,-0.191
"2176",4,3,3,1,1,0.465,0.294
"2177",4,3,3,1,2,0.439,0.215
"2178",4,3,3,1,3,0.433,0.16
"2179",4,3,3,1,4,0.331,0.067
"2180",4,3,3,1,5,0.226,-0.011
"2181",4,3,3,2,1,0.407,0.208
"2182",4,3,3,2,2,0.381,0.129
"2183",4,3,3,2,3,0.375,0.074
"2184",4,3,3,2,4,0.273,-0.019
"2185",4,3,3,2,5,0.168,-0.0969999999999999
"2186",4,3,3,3,1,0.393,0.199
"2187",4,3,3,3,2,0.367,0.12
"2188",4,3,3,3,3,0.361,0.065
"2189",4,3,3,3,4,0.259,-0.028
"2190",4,3,3,3,5,0.154,-0.106
"2191",4,3,3,4,1,0.286,0.096
"2192",4,3,3,4,2,0.261,0.017
"2193",4,3,3,4,3,0.254,-0.038
"2194",4,3,3,4,4,0.178,-0.131
"2195",4,3,3,4,5,0.099,-0.209
"2196",4,3,3,5,1,0.127,0.048
"2197",4,3,3,5,2,0.101,-0.031
"2198",4,3,3,5,3,0.095,-0.086
"2199",4,3,3,5,4,0.056,-0.179
"2200",4,3,3,5,5,0.017,-0.257
"2201",4,3,4,1,1,0.403,0.149
"2202",4,3,4,1,2,0.377,0.0700000000000001
"2203",4,3,4,1,3,0.371,0.0150000000000001
"2204",4,3,4,1,4,0.29,-0.0779999999999999
"2205",4,3,4,1,5,0.206,-0.156
"2206",4,3,4,2,1,0.345,0.0630000000000001
"2207",4,3,4,2,2,0.32,-0.0159999999999999
"2208",4,3,4,2,3,0.313,-0.0709999999999999
"2209",4,3,4,2,4,0.232,-0.164
"2210",4,3,4,2,5,0.149,-0.242
"2211",4,3,4,3,1,0.331,0.0540000000000001
"2212",4,3,4,3,2,0.305,-0.0249999999999999
"2213",4,3,4,3,3,0.299,-0.0799999999999999
"2214",4,3,4,3,4,0.218,-0.173
"2215",4,3,4,3,5,0.134,-0.251
"2216",4,3,4,4,1,0.241,-0.0489999999999999
"2217",4,3,4,4,2,0.216,-0.128
"2218",4,3,4,4,3,0.209,-0.183
"2219",4,3,4,4,4,0.146,-0.276
"2220",4,3,4,4,5,0.079,-0.354
"2221",4,3,4,5,1,0.107,-0.0969999999999999
"2222",4,3,4,5,2,0.082,-0.176
"2223",4,3,4,5,3,0.075,-0.231
"2224",4,3,4,5,4,0.037,-0.324
"2225",4,3,4,5,5,-0.003,-0.402
"2226",4,3,5,1,1,0.277,0.0650000000000001
"2227",4,3,5,1,2,0.251,-0.0139999999999999
"2228",4,3,5,1,3,0.245,-0.069
"2229",4,3,5,1,4,0.206,-0.162
"2230",4,3,5,1,5,0.167,-0.24
"2231",4,3,5,2,1,0.219,-0.0209999999999999
"2232",4,3,5,2,2,0.194,-0.0999999999999999
"2233",4,3,5,2,3,0.187,-0.155
"2234",4,3,5,2,4,0.149,-0.248
"2235",4,3,5,2,5,0.109,-0.326
"2236",4,3,5,3,1,0.205,-0.0299999999999999
"2237",4,3,5,3,2,0.179,-0.109
"2238",4,3,5,3,3,0.173,-0.164
"2239",4,3,5,3,4,0.134,-0.257
"2240",4,3,5,3,5,0.095,-0.335
"2241",4,3,5,4,1,0.15,-0.133
"2242",4,3,5,4,2,0.124,-0.212
"2243",4,3,5,4,3,0.118,-0.267
"2244",4,3,5,4,4,0.08,-0.36
"2245",4,3,5,4,5,0.04,-0.438
"2246",4,3,5,5,1,0.068,-0.181
"2247",4,3,5,5,2,0.042,-0.26
"2248",4,3,5,5,3,0.036,-0.315
"2249",4,3,5,5,4,-0.003,-0.408
"2250",4,3,5,5,5,-0.042,-0.486
"2251",4,4,1,1,1,0.463,0.342
"2252",4,4,1,1,2,0.437,0.263
"2253",4,4,1,1,3,0.431,0.208
"2254",4,4,1,1,4,0.345,0.115
"2255",4,4,1,1,5,0.255,0.0370000000000001
"2256",4,4,1,2,1,0.405,0.256
"2257",4,4,1,2,2,0.38,0.177
"2258",4,4,1,2,3,0.373,0.122
"2259",4,4,1,2,4,0.287,0.0290000000000001
"2260",4,4,1,2,5,0.197,-0.0489999999999999
"2261",4,4,1,3,1,0.391,0.247
"2262",4,4,1,3,2,0.365,0.168
"2263",4,4,1,3,3,0.359,0.113
"2264",4,4,1,3,4,0.273,0.0200000000000001
"2265",4,4,1,3,5,0.183,-0.0579999999999999
"2266",4,4,1,4,1,0.297,0.144
"2267",4,4,1,4,2,0.272,0.0650000000000001
"2268",4,4,1,4,3,0.265,0.0100000000000001
"2269",4,4,1,4,4,0.198,-0.0829999999999999
"2270",4,4,1,4,5,0.128,-0.161
"2271",4,4,1,5,1,0.156,0.0960000000000001
"2272",4,4,1,5,2,0.131,0.0170000000000001
"2273",4,4,1,5,3,0.124,-0.0379999999999999
"2274",4,4,1,5,4,0.086,-0.131
"2275",4,4,1,5,5,0.046,-0.209
"2276",4,4,2,1,1,0.415,0.252
"2277",4,4,2,1,2,0.39,0.173
"2278",4,4,2,1,3,0.383,0.118
"2279",4,4,2,1,4,0.297,0.0250000000000001
"2280",4,4,2,1,5,0.208,-0.0529999999999999
"2281",4,4,2,2,1,0.358,0.166
"2282",4,4,2,2,2,0.332,0.0870000000000001
"2283",4,4,2,2,3,0.326,0.0320000000000001
"2284",4,4,2,2,4,0.24,-0.0609999999999999
"2285",4,4,2,2,5,0.15,-0.139
"2286",4,4,2,3,1,0.343,0.157
"2287",4,4,2,3,2,0.318,0.0780000000000001
"2288",4,4,2,3,3,0.311,0.0230000000000001
"2289",4,4,2,3,4,0.225,-0.0699999999999999
"2290",4,4,2,3,5,0.136,-0.148
"2291",4,4,2,4,1,0.25,0.0540000000000001
"2292",4,4,2,4,2,0.224,-0.0249999999999999
"2293",4,4,2,4,3,0.218,-0.0799999999999999
"2294",4,4,2,4,4,0.151,-0.173
"2295",4,4,2,4,5,0.081,-0.251
"2296",4,4,2,5,1,0.109,0.00600000000000012
"2297",4,4,2,5,2,0.083,-0.0729999999999999
"2298",4,4,2,5,3,0.077,-0.128
"2299",4,4,2,5,4,0.039,-0.221
"2300",4,4,2,5,5,-0.001,-0.299
"2301",4,4,3,1,1,0.404,0.186
"2302",4,4,3,1,2,0.378,0.107
"2303",4,4,3,1,3,0.372,0.0520000000000001
"2304",4,4,3,1,4,0.286,-0.0409999999999999
"2305",4,4,3,1,5,0.196,-0.119
"2306",4,4,3,2,1,0.346,0.1
"2307",4,4,3,2,2,0.321,0.0210000000000001
"2308",4,4,3,2,3,0.314,-0.0339999999999999
"2309",4,4,3,2,4,0.228,-0.127
"2310",4,4,3,2,5,0.138,-0.205
"2311",4,4,3,3,1,0.332,0.0910000000000001
"2312",4,4,3,3,2,0.306,0.0120000000000001
"2313",4,4,3,3,3,0.3,-0.0429999999999999
"2314",4,4,3,3,4,0.214,-0.136
"2315",4,4,3,3,5,0.124,-0.214
"2316",4,4,3,4,1,0.238,-0.0119999999999999
"2317",4,4,3,4,2,0.213,-0.0909999999999999
"2318",4,4,3,4,3,0.206,-0.146
"2319",4,4,3,4,4,0.139,-0.239
"2320",4,4,3,4,5,0.069,-0.317
"2321",4,4,3,5,1,0.097,-0.0599999999999999
"2322",4,4,3,5,2,0.072,-0.139
"2323",4,4,3,5,3,0.065,-0.194
"2324",4,4,3,5,4,0.027,-0.287
"2325",4,4,3,5,5,-0.013,-0.365
"2326",4,4,4,1,1,0.352,0.0410000000000001
"2327",4,4,4,1,2,0.327,-0.0379999999999999
"2328",4,4,4,1,3,0.32,-0.0929999999999999
"2329",4,4,4,1,4,0.25,-0.186
"2330",4,4,4,1,5,0.177,-0.264
"2331",4,4,4,2,1,0.295,-0.0449999999999999
"2332",4,4,4,2,2,0.269,-0.124
"2333",4,4,4,2,3,0.263,-0.179
"2334",4,4,4,2,4,0.192,-0.272
"2335",4,4,4,2,5,0.119,-0.35
"2336",4,4,4,3,1,0.28,-0.0539999999999999
"2337",4,4,4,3,2,0.255,-0.133
"2338",4,4,4,3,3,0.248,-0.188
"2339",4,4,4,3,4,0.178,-0.281
"2340",4,4,4,3,5,0.105,-0.359
"2341",4,4,4,4,1,0.199,-0.157
"2342",4,4,4,4,2,0.174,-0.236
"2343",4,4,4,4,3,0.167,-0.291
"2344",4,4,4,4,4,0.11,-0.384
"2345",4,4,4,4,5,0.05,-0.462
"2346",4,4,4,5,1,0.078,-0.205
"2347",4,4,4,5,2,0.052,-0.284
"2348",4,4,4,5,3,0.046,-0.339
"2349",4,4,4,5,4,0.008,-0.432
"2350",4,4,4,5,5,-0.032,-0.51
"2351",4,4,5,1,1,0.247,-0.0429999999999999
"2352",4,4,5,1,2,0.222,-0.122
"2353",4,4,5,1,3,0.215,-0.177
"2354",4,4,5,1,4,0.177,-0.27
"2355",4,4,5,1,5,0.137,-0.348
"2356",4,4,5,2,1,0.189,-0.129
"2357",4,4,5,2,2,0.164,-0.208
"2358",4,4,5,2,3,0.157,-0.263
"2359",4,4,5,2,4,0.119,-0.356
"2360",4,4,5,2,5,0.079,-0.434
"2361",4,4,5,3,1,0.175,-0.138
"2362",4,4,5,3,2,0.15,-0.217
"2363",4,4,5,3,3,0.143,-0.272
"2364",4,4,5,3,4,0.105,-0.365
"2365",4,4,5,3,5,0.065,-0.443
"2366",4,4,5,4,1,0.12,-0.241
"2367",4,4,5,4,2,0.095,-0.32
"2368",4,4,5,4,3,0.088,-0.375
"2369",4,4,5,4,4,0.05,-0.468
"2370",4,4,5,4,5,0.01,-0.546
"2371",4,4,5,5,1,0.038,-0.289
"2372",4,4,5,5,2,0.013,-0.368
"2373",4,4,5,5,3,0.006,-0.423
"2374",4,4,5,5,4,-0.032,-0.516
"2375",4,4,5,5,5,-0.072,-0.594
"2376",4,5,1,1,1,0.274,0.274
"2377",4,5,1,1,2,0.248,0.195
"2378",4,5,1,1,3,0.242,0.14
"2379",4,5,1,1,4,0.203,0.0470000000000001
"2380",4,5,1,1,5,0.164,-0.0309999999999999
"2381",4,5,1,2,1,0.216,0.188
"2382",4,5,1,2,2,0.191,0.109
"2383",4,5,1,2,3,0.184,0.0540000000000001
"2384",4,5,1,2,4,0.146,-0.0389999999999999
"2385",4,5,1,2,5,0.106,-0.117
"2386",4,5,1,3,1,0.202,0.179
"2387",4,5,1,3,2,0.176,0.1
"2388",4,5,1,3,3,0.17,0.0450000000000001
"2389",4,5,1,3,4,0.131,-0.0479999999999999
"2390",4,5,1,3,5,0.092,-0.126
"2391",4,5,1,4,1,0.147,0.0760000000000001
"2392",4,5,1,4,2,0.121,-0.00299999999999993
"2393",4,5,1,4,3,0.115,-0.0579999999999999
"2394",4,5,1,4,4,0.077,-0.151
"2395",4,5,1,4,5,0.037,-0.229
"2396",4,5,1,5,1,0.065,0.0280000000000001
"2397",4,5,1,5,2,0.039,-0.0509999999999999
"2398",4,5,1,5,3,0.033,-0.106
"2399",4,5,1,5,4,-0.006,-0.199
"2400",4,5,1,5,5,-0.045,-0.277
"2401",4,5,2,1,1,0.226,0.184
"2402",4,5,2,1,2,0.201,0.105
"2403",4,5,2,1,3,0.194,0.0500000000000001
"2404",4,5,2,1,4,0.156,-0.0429999999999999
"2405",4,5,2,1,5,0.116,-0.121
"2406",4,5,2,2,1,0.169,0.0980000000000001
"2407",4,5,2,2,2,0.143,0.0190000000000001
"2408",4,5,2,2,3,0.137,-0.0359999999999999
"2409",4,5,2,2,4,0.098,-0.129
"2410",4,5,2,2,5,0.059,-0.207
"2411",4,5,2,3,1,0.154,0.0890000000000001
"2412",4,5,2,3,2,0.129,0.0100000000000001
"2413",4,5,2,3,3,0.122,-0.0449999999999999
"2414",4,5,2,3,4,0.084,-0.138
"2415",4,5,2,3,5,0.044,-0.216
"2416",4,5,2,4,1,0.1,-0.0139999999999999
"2417",4,5,2,4,2,0.074,-0.0929999999999999
"2418",4,5,2,4,3,0.068,-0.148
"2419",4,5,2,4,4,0.029,-0.241
"2420",4,5,2,4,5,-0.01,-0.319
"2421",4,5,2,5,1,0.017,-0.0619999999999999
"2422",4,5,2,5,2,-0.008,-0.141
"2423",4,5,2,5,3,-0.015,-0.196
"2424",4,5,2,5,4,-0.053,-0.289
"2425",4,5,2,5,5,-0.093,-0.367
"2426",4,5,3,1,1,0.215,0.118
"2427",4,5,3,1,2,0.189,0.0390000000000001
"2428",4,5,3,1,3,0.183,-0.0159999999999999
"2429",4,5,3,1,4,0.144,-0.109
"2430",4,5,3,1,5,0.105,-0.187
"2431",4,5,3,2,1,0.157,0.0320000000000001
"2432",4,5,3,2,2,0.132,-0.0469999999999999
"2433",4,5,3,2,3,0.125,-0.102
"2434",4,5,3,2,4,0.087,-0.195
"2435",4,5,3,2,5,0.047,-0.273
"2436",4,5,3,3,1,0.143,0.0230000000000001
"2437",4,5,3,3,2,0.117,-0.0559999999999999
"2438",4,5,3,3,3,0.111,-0.111
"2439",4,5,3,3,4,0.072,-0.204
"2440",4,5,3,3,5,0.033,-0.282
"2441",4,5,3,4,1,0.088,-0.0799999999999999
"2442",4,5,3,4,2,0.062,-0.159
"2443",4,5,3,4,3,0.056,-0.214
"2444",4,5,3,4,4,0.018,-0.307
"2445",4,5,3,4,5,-0.022,-0.385
"2446",4,5,3,5,1,0.006,-0.128
"2447",4,5,3,5,2,-0.02,-0.207
"2448",4,5,3,5,3,-0.026,-0.262
"2449",4,5,3,5,4,-0.065,-0.355
"2450",4,5,3,5,5,-0.104,-0.433
"2451",4,5,4,1,1,0.195,-0.0269999999999999
"2452",4,5,4,1,2,0.17,-0.106
"2453",4,5,4,1,3,0.163,-0.161
"2454",4,5,4,1,4,0.125,-0.254
"2455",4,5,4,1,5,0.085,-0.332
"2456",4,5,4,2,1,0.138,-0.113
"2457",4,5,4,2,2,0.112,-0.192
"2458",4,5,4,2,3,0.106,-0.247
"2459",4,5,4,2,4,0.067,-0.34
"2460",4,5,4,2,5,0.028,-0.418
"2461",4,5,4,3,1,0.123,-0.122
"2462",4,5,4,3,2,0.098,-0.201
"2463",4,5,4,3,3,0.091,-0.256
"2464",4,5,4,3,4,0.053,-0.349
"2465",4,5,4,3,5,0.013,-0.427
"2466",4,5,4,4,1,0.068,-0.225
"2467",4,5,4,4,2,0.043,-0.304
"2468",4,5,4,4,3,0.036,-0.359
"2469",4,5,4,4,4,-0.002,-0.452
"2470",4,5,4,4,5,-0.042,-0.53
"2471",4,5,4,5,1,-0.014,-0.273
"2472",4,5,4,5,2,-0.039,-0.352
"2473",4,5,4,5,3,-0.046,-0.407
"2474",4,5,4,5,4,-0.084,-0.5
"2475",4,5,4,5,5,-0.124,-0.578
"2476",4,5,5,1,1,0.156,-0.111
"2477",4,5,5,1,2,0.13,-0.19
"2478",4,5,5,1,3,0.124,-0.245
"2479",4,5,5,1,4,0.085,-0.338
"2480",4,5,5,1,5,0.046,-0.416
"2481",4,5,5,2,1,0.098,-0.197
"2482",4,5,5,2,2,0.073,-0.276
"2483",4,5,5,2,3,0.066,-0.331
"2484",4,5,5,2,4,0.028,-0.424
"2485",4,5,5,2,5,-0.012,-0.502
"2486",4,5,5,3,1,0.084,-0.206
"2487",4,5,5,3,2,0.058,-0.285
"2488",4,5,5,3,3,0.052,-0.34
"2489",4,5,5,3,4,0.013,-0.433
"2490",4,5,5,3,5,-0.026,-0.511
"2491",4,5,5,4,1,0.029,-0.309
"2492",4,5,5,4,2,0.003,-0.388
"2493",4,5,5,4,3,-0.003,-0.443
"2494",4,5,5,4,4,-0.041,-0.536
"2495",4,5,5,4,5,-0.081,-0.614
"2496",4,5,5,5,1,-0.053,-0.357
"2497",4,5,5,5,2,-0.079,-0.436
"2498",4,5,5,5,3,-0.085,-0.491
"2499",4,5,5,5,4,-0.124,-0.584
"2500",4,5,5,5,5,-0.163,-0.662
"2501",5,1,1,1,1,0.227,0.387
"2502",5,1,1,1,2,0.202,0.308
"2503",5,1,1,1,3,0.195,0.253
"2504",5,1,1,1,4,0.157,0.16
"2505",5,1,1,1,5,0.117,0.082
"2506",5,1,1,2,1,0.169,0.301
"2507",5,1,1,2,2,0.144,0.222
"2508",5,1,1,2,3,0.137,0.167
"2509",5,1,1,2,4,0.099,0.074
"2510",5,1,1,2,5,0.059,-0.00399999999999995
"2511",5,1,1,3,1,0.155,0.292
"2512",5,1,1,3,2,0.13,0.213
"2513",5,1,1,3,3,0.123,0.158
"2514",5,1,1,3,4,0.085,0.065
"2515",5,1,1,3,5,0.045,-0.013
"2516",5,1,1,4,1,0.1,0.189
"2517",5,1,1,4,2,0.075,0.11
"2518",5,1,1,4,3,0.068,0.055
"2519",5,1,1,4,4,0.03,-0.038
"2520",5,1,1,4,5,-0.01,-0.116
"2521",5,1,1,5,1,0.018,0.141
"2522",5,1,1,5,2,-0.007,0.062
"2523",5,1,1,5,3,-0.014,0.00700000000000001
"2524",5,1,1,5,4,-0.052,-0.086
"2525",5,1,1,5,5,-0.092,-0.164
"2526",5,1,2,1,1,0.18,0.297
"2527",5,1,2,1,2,0.154,0.218
"2528",5,1,2,1,3,0.148,0.163
"2529",5,1,2,1,4,0.109,0.07
"2530",5,1,2,1,5,0.07,-0.00799999999999995
"2531",5,1,2,2,1,0.122,0.211
"2532",5,1,2,2,2,0.097,0.132
"2533",5,1,2,2,3,0.09,0.077
"2534",5,1,2,2,4,0.052,-0.016
"2535",5,1,2,2,5,0.012,-0.0939999999999999
"2536",5,1,2,3,1,0.108,0.202
"2537",5,1,2,3,2,0.082,0.123
"2538",5,1,2,3,3,0.076,0.068
"2539",5,1,2,3,4,0.037,-0.025
"2540",5,1,2,3,5,-0.002,-0.103
"2541",5,1,2,4,1,0.053,0.099
"2542",5,1,2,4,2,0.028,0.02
"2543",5,1,2,4,3,0.021,-0.035
"2544",5,1,2,4,4,-0.017,-0.128
"2545",5,1,2,4,5,-0.057,-0.206
"2546",5,1,2,5,1,-0.029,0.051
"2547",5,1,2,5,2,-0.055,-0.028
"2548",5,1,2,5,3,-0.061,-0.083
"2549",5,1,2,5,4,-0.1,-0.176
"2550",5,1,2,5,5,-0.139,-0.254
"2551",5,1,3,1,1,0.168,0.231
"2552",5,1,3,1,2,0.143,0.152
"2553",5,1,3,1,3,0.136,0.097
"2554",5,1,3,1,4,0.098,0.004
"2555",5,1,3,1,5,0.058,-0.074
"2556",5,1,3,2,1,0.11,0.145
"2557",5,1,3,2,2,0.085,0.066
"2558",5,1,3,2,3,0.078,0.011
"2559",5,1,3,2,4,0.04,-0.082
"2560",5,1,3,2,5,0,-0.16
"2561",5,1,3,3,1,0.096,0.136
"2562",5,1,3,3,2,0.071,0.057
"2563",5,1,3,3,3,0.064,0.002
"2564",5,1,3,3,4,0.026,-0.091
"2565",5,1,3,3,5,-0.014,-0.169
"2566",5,1,3,4,1,0.041,0.033
"2567",5,1,3,4,2,0.016,-0.046
"2568",5,1,3,4,3,0.009,-0.101
"2569",5,1,3,4,4,-0.029,-0.194
"2570",5,1,3,4,5,-0.069,-0.272
"2571",5,1,3,5,1,-0.041,-0.015
"2572",5,1,3,5,2,-0.066,-0.094
"2573",5,1,3,5,3,-0.073,-0.149
"2574",5,1,3,5,4,-0.111,-0.242
"2575",5,1,3,5,5,-0.151,-0.32
"2576",5,1,4,1,1,0.149,0.086
"2577",5,1,4,1,2,0.123,0.00700000000000002
"2578",5,1,4,1,3,0.117,-0.048
"2579",5,1,4,1,4,0.078,-0.141
"2580",5,1,4,1,5,0.039,-0.219
"2581",5,1,4,2,1,0.091,0.0000000000000000277555756156289
"2582",5,1,4,2,2,0.066,-0.079
"2583",5,1,4,2,3,0.059,-0.134
"2584",5,1,4,2,4,0.021,-0.227
"2585",5,1,4,2,5,-0.019,-0.305
"2586",5,1,4,3,1,0.077,-0.00899999999999998
"2587",5,1,4,3,2,0.051,-0.088
"2588",5,1,4,3,3,0.045,-0.143
"2589",5,1,4,3,4,0.006,-0.236
"2590",5,1,4,3,5,-0.033,-0.314
"2591",5,1,4,4,1,0.022,-0.112
"2592",5,1,4,4,2,-0.003,-0.191
"2593",5,1,4,4,3,-0.01,-0.246
"2594",5,1,4,4,4,-0.048,-0.339
"2595",5,1,4,4,5,-0.088,-0.417
"2596",5,1,4,5,1,-0.06,-0.16
"2597",5,1,4,5,2,-0.086,-0.239
"2598",5,1,4,5,3,-0.092,-0.294
"2599",5,1,4,5,4,-0.131,-0.387
"2600",5,1,4,5,5,-0.17,-0.465
"2601",5,1,5,1,1,0.109,0.002
"2602",5,1,5,1,2,0.084,-0.077
"2603",5,1,5,1,3,0.077,-0.132
"2604",5,1,5,1,4,0.039,-0.225
"2605",5,1,5,1,5,-0.001,-0.303
"2606",5,1,5,2,1,0.051,-0.084
"2607",5,1,5,2,2,0.026,-0.163
"2608",5,1,5,2,3,0.019,-0.218
"2609",5,1,5,2,4,-0.019,-0.311
"2610",5,1,5,2,5,-0.059,-0.389
"2611",5,1,5,3,1,0.037,-0.093
"2612",5,1,5,3,2,0.012,-0.172
"2613",5,1,5,3,3,0.005,-0.227
"2614",5,1,5,3,4,-0.033,-0.32
"2615",5,1,5,3,5,-0.073,-0.398
"2616",5,1,5,4,1,-0.018,-0.196
"2617",5,1,5,4,2,-0.043,-0.275
"2618",5,1,5,4,3,-0.05,-0.33
"2619",5,1,5,4,4,-0.088,-0.423
"2620",5,1,5,4,5,-0.128,-0.501
"2621",5,1,5,5,1,-0.1,-0.244
"2622",5,1,5,5,2,-0.125,-0.323
"2623",5,1,5,5,3,-0.132,-0.378
"2624",5,1,5,5,4,-0.17,-0.471
"2625",5,1,5,5,5,-0.21,-0.549
"2626",5,2,1,1,1,0.126,0.286
"2627",5,2,1,1,2,0.101,0.207
"2628",5,2,1,1,3,0.094,0.152
"2629",5,2,1,1,4,0.056,0.059
"2630",5,2,1,1,5,0.016,-0.019
"2631",5,2,1,2,1,0.069,0.2
"2632",5,2,1,2,2,0.043,0.121
"2633",5,2,1,2,3,0.037,0.066
"2634",5,2,1,2,4,-0.002,-0.027
"2635",5,2,1,2,5,-0.041,-0.105
"2636",5,2,1,3,1,0.054,0.191
"2637",5,2,1,3,2,0.029,0.112
"2638",5,2,1,3,3,0.022,0.057
"2639",5,2,1,3,4,-0.016,-0.036
"2640",5,2,1,3,5,-0.056,-0.114
"2641",5,2,1,4,1,0,0.088
"2642",5,2,1,4,2,-0.026,0.00900000000000002
"2643",5,2,1,4,3,-0.032,-0.046
"2644",5,2,1,4,4,-0.071,-0.139
"2645",5,2,1,4,5,-0.11,-0.217
"2646",5,2,1,5,1,-0.083,0.04
"2647",5,2,1,5,2,-0.108,-0.039
"2648",5,2,1,5,3,-0.115,-0.094
"2649",5,2,1,5,4,-0.153,-0.187
"2650",5,2,1,5,5,-0.193,-0.265
"2651",5,2,2,1,1,0.079,0.196
"2652",5,2,2,1,2,0.054,0.117
"2653",5,2,2,1,3,0.047,0.062
"2654",5,2,2,1,4,0.009,-0.031
"2655",5,2,2,1,5,-0.031,-0.109
"2656",5,2,2,2,1,0.021,0.11
"2657",5,2,2,2,2,-0.004,0.031
"2658",5,2,2,2,3,-0.011,-0.024
"2659",5,2,2,2,4,-0.049,-0.117
"2660",5,2,2,2,5,-0.089,-0.195
"2661",5,2,2,3,1,0.007,0.101
"2662",5,2,2,3,2,-0.018,0.022
"2663",5,2,2,3,3,-0.025,-0.033
"2664",5,2,2,3,4,-0.063,-0.126
"2665",5,2,2,3,5,-0.103,-0.204
"2666",5,2,2,4,1,-0.048,-0.00199999999999997
"2667",5,2,2,4,2,-0.073,-0.081
"2668",5,2,2,4,3,-0.08,-0.136
"2669",5,2,2,4,4,-0.118,-0.229
"2670",5,2,2,4,5,-0.158,-0.307
"2671",5,2,2,5,1,-0.13,-0.05
"2672",5,2,2,5,2,-0.155,-0.129
"2673",5,2,2,5,3,-0.162,-0.184
"2674",5,2,2,5,4,-0.2,-0.277
"2675",5,2,2,5,5,-0.24,-0.355
"2676",5,2,3,1,1,0.067,0.13
"2677",5,2,3,1,2,0.042,0.051
"2678",5,2,3,1,3,0.035,-0.00399999999999998
"2679",5,2,3,1,4,-0.003,-0.097
"2680",5,2,3,1,5,-0.043,-0.175
"2681",5,2,3,2,1,0.01,0.044
"2682",5,2,3,2,2,-0.016,-0.035
"2683",5,2,3,2,3,-0.022,-0.09
"2684",5,2,3,2,4,-0.061,-0.183
"2685",5,2,3,2,5,-0.1,-0.261
"2686",5,2,3,3,1,-0.005,0.035
"2687",5,2,3,3,2,-0.03,-0.044
"2688",5,2,3,3,3,-0.037,-0.099
"2689",5,2,3,3,4,-0.075,-0.192
"2690",5,2,3,3,5,-0.115,-0.27
"2691",5,2,3,4,1,-0.059,-0.068
"2692",5,2,3,4,2,-0.085,-0.147
"2693",5,2,3,4,3,-0.091,-0.202
"2694",5,2,3,4,4,-0.13,-0.295
"2695",5,2,3,4,5,-0.169,-0.373
"2696",5,2,3,5,1,-0.142,-0.116
"2697",5,2,3,5,2,-0.167,-0.195
"2698",5,2,3,5,3,-0.174,-0.25
"2699",5,2,3,5,4,-0.212,-0.343
"2700",5,2,3,5,5,-0.252,-0.421
"2701",5,2,4,1,1,0.048,-0.015
"2702",5,2,4,1,2,0.022,-0.094
"2703",5,2,4,1,3,0.016,-0.149
"2704",5,2,4,1,4,-0.022,-0.242
"2705",5,2,4,1,5,-0.062,-0.32
"2706",5,2,4,2,1,-0.01,-0.101
"2707",5,2,4,2,2,-0.035,-0.18
"2708",5,2,4,2,3,-0.042,-0.235
"2709",5,2,4,2,4,-0.08,-0.328
"2710",5,2,4,2,5,-0.12,-0.406
"2711",5,2,4,3,1,-0.024,-0.11
"2712",5,2,4,3,2,-0.05,-0.189
"2713",5,2,4,3,3,-0.056,-0.244
"2714",5,2,4,3,4,-0.094,-0.337
"2715",5,2,4,3,5,-0.134,-0.415
"2716",5,2,4,4,1,-0.079,-0.213
"2717",5,2,4,4,2,-0.104,-0.292
"2718",5,2,4,4,3,-0.111,-0.347
"2719",5,2,4,4,4,-0.149,-0.44
"2720",5,2,4,4,5,-0.189,-0.518
"2721",5,2,4,5,1,-0.161,-0.261
"2722",5,2,4,5,2,-0.187,-0.34
"2723",5,2,4,5,3,-0.193,-0.395
"2724",5,2,4,5,4,-0.231,-0.488
"2725",5,2,4,5,5,-0.271,-0.566
"2726",5,2,5,1,1,0.008,-0.099
"2727",5,2,5,1,2,-0.017,-0.178
"2728",5,2,5,1,3,-0.024,-0.233
"2729",5,2,5,1,4,-0.062,-0.326
"2730",5,2,5,1,5,-0.102,-0.404
"2731",5,2,5,2,1,-0.049,-0.185
"2732",5,2,5,2,2,-0.075,-0.264
"2733",5,2,5,2,3,-0.081,-0.319
"2734",5,2,5,2,4,-0.12,-0.412
"2735",5,2,5,2,5,-0.159,-0.49
"2736",5,2,5,3,1,-0.064,-0.194
"2737",5,2,5,3,2,-0.089,-0.273
"2738",5,2,5,3,3,-0.096,-0.328
"2739",5,2,5,3,4,-0.134,-0.421
"2740",5,2,5,3,5,-0.174,-0.499
"2741",5,2,5,4,1,-0.118,-0.297
"2742",5,2,5,4,2,-0.144,-0.376
"2743",5,2,5,4,3,-0.15,-0.431
"2744",5,2,5,4,4,-0.189,-0.524
"2745",5,2,5,4,5,-0.228,-0.602
"2746",5,2,5,5,1,-0.201,-0.345
"2747",5,2,5,5,2,-0.226,-0.424
"2748",5,2,5,5,3,-0.233,-0.479
"2749",5,2,5,5,4,-0.271,-0.572
"2750",5,2,5,5,5,-0.311,-0.65
"2751",5,3,1,1,1,0.106,0.247
"2752",5,3,1,1,2,0.081,0.168
"2753",5,3,1,1,3,0.074,0.113
"2754",5,3,1,1,4,0.036,0.02
"2755",5,3,1,1,5,-0.004,-0.058
"2756",5,3,1,2,1,0.048,0.161
"2757",5,3,1,2,2,0.023,0.082
"2758",5,3,1,2,3,0.016,0.027
"2759",5,3,1,2,4,-0.022,-0.066
"2760",5,3,1,2,5,-0.062,-0.144
"2761",5,3,1,3,1,0.034,0.152
"2762",5,3,1,3,2,0.009,0.073
"2763",5,3,1,3,3,0.002,0.018
"2764",5,3,1,3,4,-0.036,-0.075
"2765",5,3,1,3,5,-0.076,-0.153
"2766",5,3,1,4,1,-0.021,0.049
"2767",5,3,1,4,2,-0.046,-0.03
"2768",5,3,1,4,3,-0.053,-0.085
"2769",5,3,1,4,4,-0.091,-0.178
"2770",5,3,1,4,5,-0.131,-0.256
"2771",5,3,1,5,1,-0.103,0.001
"2772",5,3,1,5,2,-0.128,-0.078
"2773",5,3,1,5,3,-0.135,-0.133
"2774",5,3,1,5,4,-0.173,-0.226
"2775",5,3,1,5,5,-0.213,-0.304
"2776",5,3,2,1,1,0.059,0.157
"2777",5,3,2,1,2,0.033,0.078
"2778",5,3,2,1,3,0.027,0.023
"2779",5,3,2,1,4,-0.012,-0.07
"2780",5,3,2,1,5,-0.051,-0.148
"2781",5,3,2,2,1,0.001,0.071
"2782",5,3,2,2,2,-0.024,-0.00799999999999999
"2783",5,3,2,2,3,-0.031,-0.063
"2784",5,3,2,2,4,-0.069,-0.156
"2785",5,3,2,2,5,-0.109,-0.234
"2786",5,3,2,3,1,-0.013,0.062
"2787",5,3,2,3,2,-0.039,-0.017
"2788",5,3,2,3,3,-0.045,-0.072
"2789",5,3,2,3,4,-0.084,-0.165
"2790",5,3,2,3,5,-0.123,-0.243
"2791",5,3,2,4,1,-0.068,-0.041
"2792",5,3,2,4,2,-0.093,-0.12
"2793",5,3,2,4,3,-0.1,-0.175
"2794",5,3,2,4,4,-0.138,-0.268
"2795",5,3,2,4,5,-0.178,-0.346
"2796",5,3,2,5,1,-0.15,-0.089
"2797",5,3,2,5,2,-0.176,-0.168
"2798",5,3,2,5,3,-0.182,-0.223
"2799",5,3,2,5,4,-0.221,-0.316
"2800",5,3,2,5,5,-0.26,-0.394
"2801",5,3,3,1,1,0.047,0.091
"2802",5,3,3,1,2,0.022,0.012
"2803",5,3,3,1,3,0.015,-0.043
"2804",5,3,3,1,4,-0.023,-0.136
"2805",5,3,3,1,5,-0.063,-0.214
"2806",5,3,3,2,1,-0.011,0.005
"2807",5,3,3,2,2,-0.036,-0.074
"2808",5,3,3,2,3,-0.043,-0.129
"2809",5,3,3,2,4,-0.081,-0.222
"2810",5,3,3,2,5,-0.121,-0.3
"2811",5,3,3,3,1,-0.025,-0.004
"2812",5,3,3,3,2,-0.05,-0.083
"2813",5,3,3,3,3,-0.057,-0.138
"2814",5,3,3,3,4,-0.095,-0.231
"2815",5,3,3,3,5,-0.135,-0.309
"2816",5,3,3,4,1,-0.08,-0.107
"2817",5,3,3,4,2,-0.105,-0.186
"2818",5,3,3,4,3,-0.112,-0.241
"2819",5,3,3,4,4,-0.15,-0.334
"2820",5,3,3,4,5,-0.19,-0.412
"2821",5,3,3,5,1,-0.162,-0.155
"2822",5,3,3,5,2,-0.187,-0.234
"2823",5,3,3,5,3,-0.194,-0.289
"2824",5,3,3,5,4,-0.232,-0.382
"2825",5,3,3,5,5,-0.272,-0.46
"2826",5,3,4,1,1,0.028,-0.054
"2827",5,3,4,1,2,0.002,-0.133
"2828",5,3,4,1,3,-0.004,-0.188
"2829",5,3,4,1,4,-0.043,-0.281
"2830",5,3,4,1,5,-0.082,-0.359
"2831",5,3,4,2,1,-0.03,-0.14
"2832",5,3,4,2,2,-0.055,-0.219
"2833",5,3,4,2,3,-0.062,-0.274
"2834",5,3,4,2,4,-0.1,-0.367
"2835",5,3,4,2,5,-0.14,-0.445
"2836",5,3,4,3,1,-0.044,-0.149
"2837",5,3,4,3,2,-0.07,-0.228
"2838",5,3,4,3,3,-0.076,-0.283
"2839",5,3,4,3,4,-0.115,-0.376
"2840",5,3,4,3,5,-0.154,-0.454
"2841",5,3,4,4,1,-0.099,-0.252
"2842",5,3,4,4,2,-0.124,-0.331
"2843",5,3,4,4,3,-0.131,-0.386
"2844",5,3,4,4,4,-0.169,-0.479
"2845",5,3,4,4,5,-0.209,-0.557
"2846",5,3,4,5,1,-0.181,-0.3
"2847",5,3,4,5,2,-0.207,-0.379
"2848",5,3,4,5,3,-0.213,-0.434
"2849",5,3,4,5,4,-0.252,-0.527
"2850",5,3,4,5,5,-0.291,-0.605
"2851",5,3,5,1,1,-0.012,-0.138
"2852",5,3,5,1,2,-0.037,-0.217
"2853",5,3,5,1,3,-0.044,-0.272
"2854",5,3,5,1,4,-0.082,-0.365
"2855",5,3,5,1,5,-0.122,-0.443
"2856",5,3,5,2,1,-0.07,-0.224
"2857",5,3,5,2,2,-0.095,-0.303
"2858",5,3,5,2,3,-0.102,-0.358
"2859",5,3,5,2,4,-0.14,-0.451
"2860",5,3,5,2,5,-0.18,-0.529
"2861",5,3,5,3,1,-0.084,-0.233
"2862",5,3,5,3,2,-0.109,-0.312
"2863",5,3,5,3,3,-0.116,-0.367
"2864",5,3,5,3,4,-0.154,-0.46
"2865",5,3,5,3,5,-0.194,-0.538
"2866",5,3,5,4,1,-0.139,-0.336
"2867",5,3,5,4,2,-0.164,-0.415
"2868",5,3,5,4,3,-0.171,-0.47
"2869",5,3,5,4,4,-0.209,-0.563
"2870",5,3,5,4,5,-0.249,-0.641
"2871",5,3,5,5,1,-0.221,-0.384
"2872",5,3,5,5,2,-0.246,-0.463
"2873",5,3,5,5,3,-0.253,-0.518
"2874",5,3,5,5,4,-0.291,-0.611
"2875",5,3,5,5,5,-0.331,-0.689
"2876",5,4,1,1,1,0.077,0.139
"2877",5,4,1,1,2,0.051,0.06
"2878",5,4,1,1,3,0.045,0.005
"2879",5,4,1,1,4,0.006,-0.088
"2880",5,4,1,1,5,-0.033,-0.166
"2881",5,4,1,2,1,0.019,0.053
"2882",5,4,1,2,2,-0.006,-0.026
"2883",5,4,1,2,3,-0.013,-0.081
"2884",5,4,1,2,4,-0.051,-0.174
"2885",5,4,1,2,5,-0.091,-0.252
"2886",5,4,1,3,1,0.005,0.044
"2887",5,4,1,3,2,-0.021,-0.035
"2888",5,4,1,3,3,-0.027,-0.09
"2889",5,4,1,3,4,-0.066,-0.183
"2890",5,4,1,3,5,-0.105,-0.261
"2891",5,4,1,4,1,-0.05,-0.059
"2892",5,4,1,4,2,-0.076,-0.138
"2893",5,4,1,4,3,-0.082,-0.193
"2894",5,4,1,4,4,-0.12,-0.286
"2895",5,4,1,4,5,-0.16,-0.364
"2896",5,4,1,5,1,-0.132,-0.107
"2897",5,4,1,5,2,-0.158,-0.186
"2898",5,4,1,5,3,-0.164,-0.241
"2899",5,4,1,5,4,-0.203,-0.334
"2900",5,4,1,5,5,-0.242,-0.412
"2901",5,4,2,1,1,0.029,0.049
"2902",5,4,2,1,2,0.004,-0.03
"2903",5,4,2,1,3,-0.003,-0.085
"2904",5,4,2,1,4,-0.041,-0.178
"2905",5,4,2,1,5,-0.081,-0.256
"2906",5,4,2,2,1,-0.028,-0.037
"2907",5,4,2,2,2,-0.054,-0.116
"2908",5,4,2,2,3,-0.06,-0.171
"2909",5,4,2,2,4,-0.099,-0.264
"2910",5,4,2,2,5,-0.138,-0.342
"2911",5,4,2,3,1,-0.043,-0.046
"2912",5,4,2,3,2,-0.068,-0.125
"2913",5,4,2,3,3,-0.075,-0.18
"2914",5,4,2,3,4,-0.113,-0.273
"2915",5,4,2,3,5,-0.153,-0.351
"2916",5,4,2,4,1,-0.097,-0.149
"2917",5,4,2,4,2,-0.123,-0.228
"2918",5,4,2,4,3,-0.129,-0.283
"2919",5,4,2,4,4,-0.168,-0.376
"2920",5,4,2,4,5,-0.207,-0.454
"2921",5,4,2,5,1,-0.18,-0.197
"2922",5,4,2,5,2,-0.205,-0.276
"2923",5,4,2,5,3,-0.212,-0.331
"2924",5,4,2,5,4,-0.25,-0.424
"2925",5,4,2,5,5,-0.29,-0.502
"2926",5,4,3,1,1,0.018,-0.017
"2927",5,4,3,1,2,-0.008,-0.096
"2928",5,4,3,1,3,-0.014,-0.151
"2929",5,4,3,1,4,-0.053,-0.244
"2930",5,4,3,1,5,-0.092,-0.322
"2931",5,4,3,2,1,-0.04,-0.103
"2932",5,4,3,2,2,-0.065,-0.182
"2933",5,4,3,2,3,-0.072,-0.237
"2934",5,4,3,2,4,-0.11,-0.33
"2935",5,4,3,2,5,-0.15,-0.408
"2936",5,4,3,3,1,-0.054,-0.112
"2937",5,4,3,3,2,-0.08,-0.191
"2938",5,4,3,3,3,-0.086,-0.246
"2939",5,4,3,3,4,-0.125,-0.339
"2940",5,4,3,3,5,-0.164,-0.417
"2941",5,4,3,4,1,-0.109,-0.215
"2942",5,4,3,4,2,-0.135,-0.294
"2943",5,4,3,4,3,-0.141,-0.349
"2944",5,4,3,4,4,-0.179,-0.442
"2945",5,4,3,4,5,-0.219,-0.52
"2946",5,4,3,5,1,-0.191,-0.263
"2947",5,4,3,5,2,-0.217,-0.342
"2948",5,4,3,5,3,-0.223,-0.397
"2949",5,4,3,5,4,-0.262,-0.49
"2950",5,4,3,5,5,-0.301,-0.568
"2951",5,4,4,1,1,-0.002,-0.162
"2952",5,4,4,1,2,-0.027,-0.241
"2953",5,4,4,1,3,-0.034,-0.296
"2954",5,4,4,1,4,-0.072,-0.389
"2955",5,4,4,1,5,-0.112,-0.467
"2956",5,4,4,2,1,-0.059,-0.248
"2957",5,4,4,2,2,-0.085,-0.327
"2958",5,4,4,2,3,-0.091,-0.382
"2959",5,4,4,2,4,-0.13,-0.475
"2960",5,4,4,2,5,-0.169,-0.553
"2961",5,4,4,3,1,-0.074,-0.257
"2962",5,4,4,3,2,-0.099,-0.336
"2963",5,4,4,3,3,-0.106,-0.391
"2964",5,4,4,3,4,-0.144,-0.484
"2965",5,4,4,3,5,-0.184,-0.562
"2966",5,4,4,4,1,-0.129,-0.36
"2967",5,4,4,4,2,-0.154,-0.439
"2968",5,4,4,4,3,-0.161,-0.494
"2969",5,4,4,4,4,-0.199,-0.587
"2970",5,4,4,4,5,-0.239,-0.665
"2971",5,4,4,5,1,-0.211,-0.408
"2972",5,4,4,5,2,-0.236,-0.487
"2973",5,4,4,5,3,-0.243,-0.542
"2974",5,4,4,5,4,-0.281,-0.635
"2975",5,4,4,5,5,-0.321,-0.713
"2976",5,4,5,1,1,-0.041,-0.246
"2977",5,4,5,1,2,-0.067,-0.325
"2978",5,4,5,1,3,-0.073,-0.38
"2979",5,4,5,1,4,-0.112,-0.473
"2980",5,4,5,1,5,-0.151,-0.551
"2981",5,4,5,2,1,-0.099,-0.332
"2982",5,4,5,2,2,-0.124,-0.411
"2983",5,4,5,2,3,-0.131,-0.466
"2984",5,4,5,2,4,-0.169,-0.559
"2985",5,4,5,2,5,-0.209,-0.637
"2986",5,4,5,3,1,-0.113,-0.341
"2987",5,4,5,3,2,-0.139,-0.42
"2988",5,4,5,3,3,-0.145,-0.475
"2989",5,4,5,3,4,-0.184,-0.568
"2990",5,4,5,3,5,-0.223,-0.646
"2991",5,4,5,4,1,-0.168,-0.444
"2992",5,4,5,4,2,-0.194,-0.523
"2993",5,4,5,4,3,-0.2,-0.578
"2994",5,4,5,4,4,-0.238,-0.671
"2995",5,4,5,4,5,-0.278,-0.749
"2996",5,4,5,5,1,-0.25,-0.492
"2997",5,4,5,5,2,-0.276,-0.571
"2998",5,4,5,5,3,-0.282,-0.626
"2999",5,4,5,5,4,-0.321,-0.719
"3000",5,4,5,5,5,-0.36,-0.797
"3001",5,5,1,1,1,-0.015,0.071
"3002",5,5,1,1,2,-0.04,-0.00799999999999999
"3003",5,5,1,1,3,-0.047,-0.063
"3004",5,5,1,1,4,-0.085,-0.156
"3005",5,5,1,1,5,-0.125,-0.234
"3006",5,5,1,2,1,-0.073,-0.015
"3007",5,5,1,2,2,-0.098,-0.094
"3008",5,5,1,2,3,-0.105,-0.149
"3009",5,5,1,2,4,-0.143,-0.242
"3010",5,5,1,2,5,-0.183,-0.32
"3011",5,5,1,3,1,-0.087,-0.024
"3012",5,5,1,3,2,-0.112,-0.103
"3013",5,5,1,3,3,-0.119,-0.158
"3014",5,5,1,3,4,-0.157,-0.251
"3015",5,5,1,3,5,-0.197,-0.329
"3016",5,5,1,4,1,-0.142,-0.127
"3017",5,5,1,4,2,-0.167,-0.206
"3018",5,5,1,4,3,-0.174,-0.261
"3019",5,5,1,4,4,-0.212,-0.354
"3020",5,5,1,4,5,-0.252,-0.432
"3021",5,5,1,5,1,-0.224,-0.175
"3022",5,5,1,5,2,-0.249,-0.254
"3023",5,5,1,5,3,-0.256,-0.309
"3024",5,5,1,5,4,-0.294,-0.402
"3025",5,5,1,5,5,-0.334,-0.48
"3026",5,5,2,1,1,-0.062,-0.019
"3027",5,5,2,1,2,-0.088,-0.098
"3028",5,5,2,1,3,-0.094,-0.153
"3029",5,5,2,1,4,-0.133,-0.246
"3030",5,5,2,1,5,-0.172,-0.324
"3031",5,5,2,2,1,-0.12,-0.105
"3032",5,5,2,2,2,-0.145,-0.184
"3033",5,5,2,2,3,-0.152,-0.239
"3034",5,5,2,2,4,-0.19,-0.332
"3035",5,5,2,2,5,-0.23,-0.41
"3036",5,5,2,3,1,-0.134,-0.114
"3037",5,5,2,3,2,-0.16,-0.193
"3038",5,5,2,3,3,-0.166,-0.248
"3039",5,5,2,3,4,-0.205,-0.341
"3040",5,5,2,3,5,-0.244,-0.419
"3041",5,5,2,4,1,-0.189,-0.217
"3042",5,5,2,4,2,-0.214,-0.296
"3043",5,5,2,4,3,-0.221,-0.351
"3044",5,5,2,4,4,-0.259,-0.444
"3045",5,5,2,4,5,-0.299,-0.522
"3046",5,5,2,5,1,-0.271,-0.265
"3047",5,5,2,5,2,-0.297,-0.344
"3048",5,5,2,5,3,-0.303,-0.399
"3049",5,5,2,5,4,-0.342,-0.492
"3050",5,5,2,5,5,-0.381,-0.57
"3051",5,5,3,1,1,-0.074,-0.085
"3052",5,5,3,1,2,-0.099,-0.164
"3053",5,5,3,1,3,-0.106,-0.219
"3054",5,5,3,1,4,-0.144,-0.312
"3055",5,5,3,1,5,-0.184,-0.39
"3056",5,5,3,2,1,-0.132,-0.171
"3057",5,5,3,2,2,-0.157,-0.25
"3058",5,5,3,2,3,-0.164,-0.305
"3059",5,5,3,2,4,-0.202,-0.398
"3060",5,5,3,2,5,-0.242,-0.476
"3061",5,5,3,3,1,-0.146,-0.18
"3062",5,5,3,3,2,-0.171,-0.259
"3063",5,5,3,3,3,-0.178,-0.314
"3064",5,5,3,3,4,-0.216,-0.407
"3065",5,5,3,3,5,-0.256,-0.485
"3066",5,5,3,4,1,-0.201,-0.283
"3067",5,5,3,4,2,-0.226,-0.362
"3068",5,5,3,4,3,-0.233,-0.417
"3069",5,5,3,4,4,-0.271,-0.51
"3070",5,5,3,4,5,-0.311,-0.588
"3071",5,5,3,5,1,-0.283,-0.331
"3072",5,5,3,5,2,-0.308,-0.41
"3073",5,5,3,5,3,-0.315,-0.465
"3074",5,5,3,5,4,-0.353,-0.558
"3075",5,5,3,5,5,-0.393,-0.636
"3076",5,5,4,1,1,-0.093,-0.23
"3077",5,5,4,1,2,-0.119,-0.309
"3078",5,5,4,1,3,-0.125,-0.364
"3079",5,5,4,1,4,-0.164,-0.457
"3080",5,5,4,1,5,-0.203,-0.535
"3081",5,5,4,2,1,-0.151,-0.316
"3082",5,5,4,2,2,-0.176,-0.395
"3083",5,5,4,2,3,-0.183,-0.45
"3084",5,5,4,2,4,-0.221,-0.543
"3085",5,5,4,2,5,-0.261,-0.621
"3086",5,5,4,3,1,-0.165,-0.325
"3087",5,5,4,3,2,-0.191,-0.404
"3088",5,5,4,3,3,-0.197,-0.459
"3089",5,5,4,3,4,-0.236,-0.552
"3090",5,5,4,3,5,-0.275,-0.63
"3091",5,5,4,4,1,-0.22,-0.428
"3092",5,5,4,4,2,-0.245,-0.507
"3093",5,5,4,4,3,-0.252,-0.562
"3094",5,5,4,4,4,-0.29,-0.655
"3095",5,5,4,4,5,-0.33,-0.733
"3096",5,5,4,5,1,-0.302,-0.476
"3097",5,5,4,5,2,-0.328,-0.555
"3098",5,5,4,5,3,-0.334,-0.61
"3099",5,5,4,5,4,-0.373,-0.703
"3100",5,5,4,5,5,-0.412,-0.781
"3101",5,5,5,1,1,-0.133,-0.314
"3102",5,5,5,1,2,-0.158,-0.393
"3103",5,5,5,1,3,-0.165,-0.448
"3104",5,5,5,1,4,-0.203,-0.541
"3105",5,5,5,1,5,-0.243,-0.619
"3106",5,5,5,2,1,-0.191,-0.4
"3107",5,5,5,2,2,-0.216,-0.479
"3108",5,5,5,2,3,-0.223,-0.534
"3109",5,5,5,2,4,-0.261,-0.627
"3110",5,5,5,2,5,-0.301,-0.705
"3111",5,5,5,3,1,-0.205,-0.409
"3112",5,5,5,3,2,-0.23,-0.488
"3113",5,5,5,3,3,-0.237,-0.543
"3114",5,5,5,3,4,-0.275,-0.636
"3115",5,5,5,3,5,-0.315,-0.714
"3116",5,5,5,4,1,-0.26,-0.512
"3117",5,5,5,4,2,-0.285,-0.591
"3118",5,5,5,4,3,-0.292,-0.646
"3119",5,5,5,4,4,-0.33,-0.739
"3120",5,5,5,4,5,-0.37,-0.817
"3121",5,5,5,5,1,-0.342,-0.56
"3122",5,5,5,5,2,-0.367,-0.639
"3123",5,5,5,5,3,-0.374,-0.694
"3124",5,5,5,5,4,-0.412,-0.787
"3125",5,5,5,5,5,-0.452,-0.865
